Cloning into 'bsc'...
Already up to date.
go run build/ci.go install ./cmd/geth
go: downloading github.com/cespare/cp v1.1.1
go: downloading github.com/Azure/azure-sdk-for-go/sdk/storage/azblob v1.2.0
go: downloading golang.org/x/crypto v0.53.0
go: downloading github.com/Azure/azure-sdk-for-go/sdk/azcore v1.7.0
go: downloading golang.org/x/sys v0.46.0
go: downloading github.com/Azure/azure-sdk-for-go/sdk/internal v1.3.0
go: downloading golang.org/x/net v0.55.0
go: downloading golang.org/x/text v0.38.0
>>> /usr/local/go/bin/go build -ldflags "--buildid=none -X github.com/ethereum/go-ethereum/internal/version.gitCommit=c5533ab5b7244dc474add10740834417a2c605d7 -X github.com/ethereum/go-ethereum/internal/version.gitDate=20260813 -extldflags '-Wl,-z,stack-size=0x800000,--build-id=none,--strip-all'" -tags urfave_cli_no_docs,ckzg -trimpath -v -o /workspaces/reth-bsc/poc-attack/node-deploy/bsc/build/bin/geth ./cmd/geth
go: downloading github.com/naoina/toml v0.1.2-0.20170918210437-9fafd6967416
go: downloading github.com/prysmaticlabs/prysm/v5 v5.3.2
go: downloading github.com/urfave/cli/v2 v2.27.5
go: downloading go.uber.org/automaxprocs v1.5.2
go: downloading github.com/ethereum/hid v1.0.1-0.20260421154323-c2ab8d9bf68a
go: downloading google.golang.org/protobuf v1.36.11
go: downloading github.com/gballet/go-libpcsclite v0.0.0-20191108122812-4678299bea08
go: downloading github.com/status-im/keycard-go v0.2.0
go: downloading github.com/fatih/structs v1.1.0
go: downloading github.com/peterh/liner v1.2.0
go: downloading github.com/dop251/goja v0.0.0-20230806174421-c933cf95e127
go: downloading github.com/mattn/go-colorable v0.1.14
go: downloading github.com/gofrs/flock v0.12.1
go: downloading github.com/golang/snappy v1.0.0
go: downloading golang.org/x/sync v0.21.0
go: downloading github.com/VictoriaMetrics/fastcache v1.13.0
go: downloading github.com/dchest/siphash v1.2.3
go: downloading go.opentelemetry.io/otel v1.43.0
go: downloading gopkg.in/natefinch/lumberjack.v2 v2.2.1
go: downloading github.com/bnb-chain/fastssz v0.1.2
go: downloading github.com/grafana/pyroscope-go v1.2.7
go: downloading github.com/hashicorp/go-bexpr v0.1.10
go: downloading github.com/klauspost/compress v1.17.11
go: downloading go.opentelemetry.io/otel/exporters/otlp/otlptrace v1.43.0
go: downloading go.opentelemetry.io/otel/exporters/otlp/otlptrace/otlptracegrpc v1.40.0
go: downloading go.opentelemetry.io/otel/exporters/otlp/otlptrace/otlptracehttp v1.43.0
go: downloading go.opentelemetry.io/otel/sdk v1.43.0
go: downloading github.com/golang-jwt/jwt/v4 v4.5.2
go: downloading github.com/rs/cors v1.8.2
go: downloading github.com/naoina/go-stringutil v0.1.0
go: downloading google.golang.org/grpc v1.80.0
go: downloading go.opentelemetry.io/otel/trace v1.43.0
go: downloading github.com/xrash/smetrics v0.0.0-20240521201337-686a1a2994c1
go: downloading github.com/holiman/billy v0.0.0-20250707135307-f2f9b9aae7db
go: downloading github.com/bnb-chain/greenfield-cometbft v1.3.2
go: downloading github.com/consensys/gnark-crypto v0.18.1
go: downloading github.com/ethereum/go-bigmodexpfix v0.0.0-20250911101455-f9e208c548ab
go: downloading github.com/cosmos/iavl v0.12.0
go: downloading github.com/bnb-chain/tendermint v0.31.17
go: downloading github.com/crate-crypto/go-eth-kzg v1.5.0
go: downloading github.com/ethereum/c-kzg-4844/v2 v2.1.6
go: downloading github.com/graph-gophers/graphql-go v1.3.0
go: downloading github.com/influxdata/influxdb-client-go/v2 v2.4.0
go: downloading github.com/influxdata/influxdb1-client v0.0.0-20220302092344-a9ab5670611c
go: downloading github.com/pion/stun/v2 v2.0.0
go: downloading github.com/pion/stun v0.6.1
go: downloading github.com/fatih/color v1.16.0
go: downloading github.com/panjf2000/ants/v2 v2.4.5
go: downloading github.com/bits-and-blooms/bitset v1.20.0
go: downloading github.com/tidwall/wal v1.1.7
go: downloading golang.org/x/time v0.9.0
go: downloading github.com/grafana/pyroscope-go/godeltaprof v0.1.9
go: downloading github.com/mitchellh/pointerstructure v1.2.0
go: downloading github.com/cespare/xxhash v1.1.0
go: downloading github.com/dlclark/regexp2 v1.7.0
go: downloading github.com/google/pprof v0.0.0-20241210010833-40e02aabc2ad
go: downloading github.com/go-logr/logr v1.4.3
go: downloading go.opentelemetry.io/otel/metric v1.43.0
go: downloading github.com/mitchellh/mapstructure v1.5.0
go: downloading go.opentelemetry.io/proto/otlp v1.10.0
go: downloading google.golang.org/genproto/googleapis/rpc v0.0.0-20260401024825-9d38bb4040a9
go: downloading github.com/cockroachdb/pebble v1.1.5
go: downloading github.com/supranational/blst v0.3.17-0.20260401165437-a3c15d6a6c68
go: downloading google.golang.org/genproto/googleapis/api v0.0.0-20260401024825-9d38bb4040a9
go: downloading github.com/dgraph-io/ristretto v0.0.4-0.20210318174700-74754f61e018
go: downloading github.com/golang/protobuf v1.5.4
go: downloading github.com/grpc-ecosystem/go-grpc-middleware v1.3.0
go: downloading github.com/grpc-ecosystem/go-grpc-prometheus v1.2.0
go: downloading github.com/prometheus/client_golang v1.20.5
go: downloading go.opencensus.io v0.24.0
go: downloading golang.org/x/term v0.44.0
go: downloading github.com/tendermint/go-amino v0.14.1
go: downloading github.com/bnb-chain/ics23 v0.1.0
go: downloading github.com/btcsuite/btcd/btcec/v2 v2.3.4
go: downloading github.com/pion/dtls/v2 v2.2.12
go: downloading github.com/pion/transport/v3 v3.0.7
go: downloading github.com/cosmos/gogoproto v1.4.1
go: downloading github.com/tidwall/gjson v1.10.2
go: downloading github.com/tidwall/tinylru v1.1.0
go: downloading github.com/go-sourcemap/sourcemap v2.1.3+incompatible
go: downloading go.opentelemetry.io/auto/sdk v1.2.1
go: downloading github.com/klauspost/cpuid/v2 v2.2.9
go: downloading github.com/cenkalti/backoff/v5 v5.0.3
go: downloading github.com/grpc-ecosystem/grpc-gateway/v2 v2.28.0
go: downloading github.com/cockroachdb/errors v1.11.3
go: downloading github.com/cockroachdb/fifo v0.0.0-20240606204812-0bbfbd93a7ce
go: downloading github.com/cockroachdb/redact v1.1.5
go: downloading github.com/cockroachdb/tokenbucket v0.0.0-20230807174530-cc333fc44b06
go: downloading golang.org/x/exp v0.0.0-20241217172543-b2144cdd0a67
go: downloading github.com/opentracing/opentracing-go v1.2.0
go: downloading github.com/prometheus/common v0.61.0
go: downloading github.com/go-kit/kit v0.12.0
go: downloading github.com/go-logfmt/logfmt v0.5.1
go: downloading github.com/decred/dcrd/dcrec/secp256k1/v4 v4.3.0
go: downloading github.com/influxdata/line-protocol v0.0.0-20210311194329-9aa0e372d097
go: downloading github.com/deepmap/oapi-codegen v1.8.2
go: downloading github.com/wlynxg/anet v0.0.5
go: downloading github.com/go-kit/log v0.2.1
go: downloading github.com/tidwall/match v1.1.1
go: downloading github.com/tidwall/pretty v1.2.0
go: downloading github.com/pion/logging v0.2.3
go: downloading github.com/pion/transport/v2 v2.2.10
go: downloading github.com/DataDog/zstd v1.5.5
go: downloading github.com/cockroachdb/logtags v0.0.0-20230118201751-21c54148d20b
go: downloading github.com/getsentry/sentry-go v0.27.0
go: downloading github.com/prysmaticlabs/prombbolt v0.0.0-20210126082820-9b7adba6db7c
go: downloading go.etcd.io/bbolt v1.3.9
go: downloading github.com/golang/groupcache v0.0.0-20210331224755-41bb18bfe9da
go: downloading github.com/dustin/go-humanize v1.0.0
go: downloading github.com/ferranbt/fastssz v0.1.4
go: downloading github.com/rcrowley/go-metrics v0.0.0-20201227073835-cf1acfcdf475
go: downloading github.com/google/go-cmp v0.7.0
go: downloading github.com/kr/pretty v0.3.1
go: downloading github.com/spf13/afero v1.10.0
go: downloading github.com/trailofbits/go-mutexasserts v0.0.0-20250212181730-4c2b8e9e784b
go: downloading github.com/libp2p/go-libp2p v0.38.1
go: downloading github.com/libp2p/go-libp2p-mplex v0.9.0
go: downloading github.com/libp2p/go-libp2p-pubsub v0.13.0
go: downloading github.com/libp2p/go-mplex v0.7.0
go: downloading github.com/multiformats/go-multiaddr v0.14.0
go: downloading github.com/prometheus/prom2json v1.3.0
go: downloading github.com/kr/text v0.2.0
go: downloading github.com/rogpeppe/go-internal v1.14.1
go: downloading github.com/ipfs/go-log/v2 v2.5.1
go: downloading github.com/libp2p/go-buffer-pool v0.1.0
go: downloading github.com/libp2p/go-msgio v0.3.0
go: downloading github.com/multiformats/go-varint v0.0.7
go: downloading go.uber.org/zap v1.27.0
go: downloading go.uber.org/fx v1.23.0
go: downloading github.com/ipfs/go-cid v0.4.1
go: downloading github.com/mr-tron/base58 v1.2.0
go: downloading github.com/multiformats/go-multicodec v0.9.0
go: downloading github.com/multiformats/go-multihash v0.2.3
go: downloading github.com/multiformats/go-multistream v0.6.0
go: downloading github.com/flynn/noise v1.1.0
go: downloading github.com/quic-go/quic-go v0.49.1
go: downloading github.com/multiformats/go-multiaddr-fmt v0.1.0
go: downloading github.com/marten-seemann/tcp v0.0.0-20210406111302-dfbc87cc63fd
go: downloading github.com/mikioh/tcpinfo v0.0.0-20190314235526-30a79bb1804b
go: downloading go.uber.org/multierr v1.11.0
go: downloading golang.org/x/oauth2 v0.35.0
go: downloading github.com/multiformats/go-multibase v0.2.0
go: downloading github.com/matttproud/golang_protobuf_extensions v1.0.4
go: downloading github.com/hashicorp/golang-lru/v2 v2.0.7
go: downloading github.com/libp2p/go-flow-metrics v0.2.0
go: downloading github.com/libp2p/go-netroute v0.2.2
go: downloading github.com/pbnjay/memory v0.0.0-20210728143218-7b4eea64cf58
go: downloading github.com/libp2p/go-yamux/v4 v4.0.1
go: downloading github.com/benbjohnson/clock v1.3.5
go: downloading github.com/raulk/go-watchdog v1.3.0
go: downloading github.com/multiformats/go-multiaddr-dns v0.4.1
go: downloading github.com/jbenet/go-temp-err-catcher v0.1.0
go: downloading github.com/libp2p/go-libp2p-asn-util v0.4.1
go: downloading github.com/google/gopacket v1.1.19
go: downloading github.com/pion/datachannel v1.5.10
go: downloading github.com/pion/sctp v1.8.35
go: downloading github.com/pion/webrtc/v3 v3.3.5
go: downloading github.com/quic-go/webtransport-go v0.8.1-0.20241018022711-4ac2c9250e66
go: downloading github.com/libp2p/go-reuseport v0.4.0
go: downloading go.uber.org/dig v1.18.0
go: downloading github.com/mikioh/tcpopt v0.0.0-20190314235656-172688c1accc
go: downloading github.com/gtank/merlin v0.1.1
go: downloading github.com/multiformats/go-base32 v0.1.0
go: downloading github.com/multiformats/go-base36 v0.2.0
go: downloading github.com/libp2p/go-nat v0.2.0
go: downloading github.com/containerd/cgroups v1.1.0
go: downloading github.com/elastic/gosigar v0.14.3
go: downloading github.com/davidlazar/go-crypto v0.0.0-20200604182044-b73af7476f6c
go: downloading github.com/francoispqt/gojay v1.2.13
go: downloading github.com/pion/ice/v2 v2.3.37
go: downloading github.com/pion/randutil v0.1.0
go: downloading github.com/quic-go/qpack v0.5.1
go: downloading github.com/miekg/dns v1.1.62
go: downloading github.com/mimoo/StrobeGo v0.0.0-20210601165009-122bf33a46e0
go: downloading github.com/pion/interceptor v0.1.39
go: downloading github.com/pion/rtcp v1.2.15
go: downloading github.com/pion/rtp v1.8.18
go: downloading github.com/pion/sdp/v3 v3.0.9
go: downloading github.com/pion/srtp/v2 v2.0.20
go: downloading github.com/koron/go-ssdp v0.0.4
go: downloading github.com/coreos/go-systemd/v22 v22.5.0
go: downloading github.com/docker/go-units v0.5.0
go: downloading github.com/godbus/dbus/v5 v5.1.0
go: downloading github.com/opencontainers/runtime-spec v1.2.0
go: downloading github.com/pion/mdns v0.0.12
go: downloading github.com/pion/turn/v2 v2.1.6
go: downloading github.com/stretchr/testify v1.11.1
go: downloading lukechampine.com/blake3 v1.3.0
go: downloading github.com/spaolacci/murmur3 v1.1.0
go: downloading github.com/emicklei/dot v1.6.2
internal/goarch
internal/unsafeheader
internal/byteorder
internal/cpu
internal/abi
internal/coverage/rtcov
internal/godebugs
internal/bytealg
internal/chacha8rand
internal/goexperiment
internal/goos
internal/profilerecord
internal/runtime/atomic
internal/runtime/syscall/linux
math/bits
internal/runtime/gc
internal/runtime/sys
internal/strconv
internal/asan
internal/runtime/exithook
internal/msan
internal/runtime/gc/scan
internal/race
internal/runtime/math
internal/runtime/pprof/label
internal/runtime/cgroup
internal/stringslite
internal/runtime/maps
internal/trace/tracev2
sync/atomic
internal/synctest
unicode
runtime
unicode/utf8
internal/sync
cmp
math
encoding
unicode/utf16
crypto/internal/constanttime
crypto/internal/fips140/alias
crypto/internal/fips140deps/byteorder
crypto/internal/fips140deps/cpu
crypto/internal/fips140/subtle
crypto/internal/boring/sig
vendor/golang.org/x/crypto/cryptobyte/asn1
crypto/subtle
github.com/ethereum/go-ethereum/params/forks
github.com/consensys/gnark-crypto/field/asm/element_6w
github.com/consensys/gnark-crypto/field/asm/element_4w
log/internal
log/slog/internal
github.com/prysmaticlabs/prysm/v5/config/fieldparams
internal/nettrace
github.com/thomaso-mirodin/intmath/constants/c64
container/list
vendor/golang.org/x/crypto/internal/alias
github.com/thomaso-mirodin/intmath/u64
google.golang.org/protobuf/internal/flags
google.golang.org/protobuf/internal/set
go.opentelemetry.io/otel/trace/embedded
go.opentelemetry.io/otel/metric/embedded
container/ring
google.golang.org/grpc/serviceconfig
google.golang.org/grpc/encoding/internal
github.com/cometbft/cometbft/version
github.com/ethereum/go-bigmodexpfix/src/internal/byteorder
github.com/klauspost/compress
github.com/klauspost/compress/internal/cpuinfo
golang.org/x/crypto/internal/alias
golang.org/x/crypto/salsa20/salsa
github.com/tendermint/tendermint/version
github.com/tendermint/tendermint/abci/example/code
github.com/ethereum/go-ethereum/internal/syncx
github.com/ethereum/go-ethereum/version
github.com/pion/dtls/v2/internal/ciphersuite/types
github.com/pion/dtls/v2/pkg/crypto/clientcertificate
github.com/pion/dtls/v2/pkg/crypto/signature
golang.org/x/crypto/cryptobyte/asn1
golang.org/x/net/internal/iana
github.com/pion/transport/v3/utils/xor
github.com/go-playground/locales/currency
go.opentelemetry.io/otel/sdk
go.opentelemetry.io/otel/exporters/otlp/otlptrace/otlptracehttp/internal/counter
github.com/google/go-cmp/cmp/internal/flags
k8s.io/apimachinery/pkg/selection
k8s.io/utils/strings/slices
k8s.io/apimachinery/pkg/types
k8s.io/utils/buffer
github.com/tidwall/match
github.com/cockroachdb/errors/stdstrings
github.com/getsentry/sentry-go/internal/otel/baggage/internal/baggage
github.com/rivo/uniseg
internal/goversion
internal/platform
internal/syslist
github.com/cockroachdb/pebble/internal/invariants
github.com/cockroachdb/pebble/internal/constants
github.com/cockroachdb/pebble/internal/fastrand
github.com/cockroachdb/pebble/internal/rawalloc
github.com/cockroachdb/pebble/internal/bytealloc
golang.org/x/exp/constraints
github.com/graph-gophers/graphql-go/decode
github.com/influxdata/influxdb-client-go/v2/internal/http
github.com/ethereum/go-ethereum/internal/web3ext
github.com/klauspost/compress/internal/race
go.opentelemetry.io/otel/exporters/otlp/otlptrace/otlptracegrpc/internal/counter
github.com/prysmaticlabs/prysm/v5/beacon-chain/core/feed
github.com/libp2p/go-libp2p/core/control
github.com/prysmaticlabs/prysm/v5/network/authorization
github.com/quic-go/quic-go/internal/utils/ringbuffer
github.com/pion/ice/v2/internal/atomic
github.com/pion/transport/v2/utils/xor
github.com/pion/interceptor/internal/sequencenumber
go.uber.org/dig/internal/graph
github.com/prysmaticlabs/prysm/v5/async/abool
github.com/prysmaticlabs/prysm/v5/validator/slashing-protection-history/format
go.opencensus.io/internal/tagencoding
github.com/golang/groupcache/lru
go.opencensus.io
go.opencensus.io/trace/internal
iter
internal/reflectlite
weak
sync
runtime/metrics
slices
maps
k8s.io/klog/v2/internal/dbg
golang.org/x/exp/slices
errors
sort
internal/bisect
internal/testlog
io
internal/oserror
syscall
internal/godebug
bytes
strings
strconv
path
reflect
bufio
encoding/base64
math/rand/v2
math/rand
hash
regexp/syntax
crypto
time
internal/syscall/unix
internal/syscall/execenv
crypto/internal/fips140deps/godebug
crypto/internal/fips140
crypto/internal/impl
crypto/internal/fips140/sha256
crypto/internal/fips140/sha3
regexp
crypto/internal/fips140/sha512
context
io/fs
internal/poll
crypto/internal/fips140/hmac
internal/filepathlite
crypto/internal/fips140/check
crypto/internal/fips140/aes
crypto/internal/fips140deps/time
crypto/internal/entropy/v1.0.0
crypto/fips140
crypto/internal/fips140/nistec/fiat
crypto/internal/fips140/edwards25519/field
crypto/internal/randutil
crypto/internal/fips140/bigmod
os
internal/fmtsort
encoding/binary
crypto/internal/fips140cache
crypto/sha3
crypto/internal/fips140hash
internal/saferio
github.com/ethereum/go-ethereum/common/bitutil
crypto/internal/fips140/nistec
fmt
golang.org/x/sys/cpu
path/filepath
github.com/ethereum/go-ethereum/crypto/keccak
os/exec
crypto/internal/sysrand
crypto/internal/fips140/drbg
crypto/internal/fips140/aes/gcm
crypto/internal/fips140only
encoding/hex
encoding/json
database/sql/driver
math/big
runtime/debug
database/sql
crypto/cipher
crypto/internal/boring
crypto/internal/fips140/ecdh
crypto/internal/rand
crypto/ecdh
crypto/internal/fips140/ecdsa
crypto/sha512
crypto/sha256
github.com/holiman/uint256
crypto/elliptic
crypto/internal/boring/bbig
encoding/asn1
github.com/ethereum/go-ethereum/common/math
crypto/rand
github.com/ethereum/go-ethereum/rlp/internal/rlpstruct
runtime/cgo
embed
github.com/consensys/gnark-crypto/ecc
github.com/ethereum/go-ethereum/common/hexutil
vendor/golang.org/x/crypto/cryptobyte
github.com/ethereum/go-ethereum/rlp
github.com/ethereum/go-ethereum/common
crypto/ecdsa
github.com/ethereum/go-ethereum/params
github.com/bits-and-blooms/bitset
github.com/consensys/gnark-crypto/field/hash
github.com/consensys/gnark-crypto/field/pool
github.com/consensys/gnark-crypto/utils/cpu
github.com/consensys/gnark-crypto/internal/parallel
golang.org/x/sync/errgroup
log
log/slog/internal/buffer
log/slog
github.com/consensys/gnark-crypto/ecc/bls12-381/fp
github.com/consensys/gnark-crypto/ecc/bls12-381/fr
github.com/ethereum/go-ethereum/log
github.com/consensys/gnark-crypto/ecc/bls12-381/internal/fptower
github.com/crate-crypto/go-eth-kzg/internal/utils
github.com/crate-crypto/go-eth-kzg/internal/poly
github.com/pkg/errors
github.com/prysmaticlabs/prysm/v5/cache/nonblocking
github.com/mohae/deepcopy
github.com/consensys/gnark-crypto/ecc/bls12-381/hash_to_curve
flag
github.com/consensys/gnark-crypto/ecc/bls12-381
github.com/klauspost/cpuid/v2
io/ioutil
github.com/minio/sha256-simd
github.com/crate-crypto/go-eth-kzg/internal/domain
github.com/crate-crypto/go-eth-kzg/internal/multiexp
vendor/golang.org/x/net/dns/dnsmessage
github.com/crate-crypto/go-eth-kzg/internal/erasure_code
github.com/crate-crypto/go-eth-kzg/internal/kzg
github.com/crate-crypto/go-eth-kzg/internal/kzg_multi/fk20
github.com/crate-crypto/go-eth-kzg/internal/kzg_multi
github.com/crate-crypto/go-eth-kzg
internal/singleflight
unique
github.com/prysmaticlabs/gohashtree
net/netip
gopkg.in/yaml.v2
github.com/prysmaticlabs/go-bitfield
net
github.com/prysmaticlabs/prysm/v5/math
compress/flate
hash/crc32
compress/gzip
crypto/aes
crypto/des
crypto/internal/fips140/edwards25519
crypto/internal/fips140/ed25519
crypto/ed25519
crypto/internal/fips140/hkdf
crypto/hkdf
crypto/hmac
crypto/internal/fips140/mlkem
crypto/mlkem
vendor/golang.org/x/crypto/chacha20
vendor/golang.org/x/crypto/internal/poly1305
vendor/golang.org/x/sys/cpu
vendor/golang.org/x/crypto/chacha20poly1305
crypto/hpke
github.com/mitchellh/mapstructure
crypto/internal/fips140/tls12
crypto/internal/fips140/tls13
crypto/md5
github.com/prysmaticlabs/fastssz
crypto/rc4
crypto/internal/fips140/rsa
github.com/prysmaticlabs/prysm/v5/consensus-types/primitives
crypto/rsa
github.com/prysmaticlabs/prysm/v5/container/slice
github.com/prysmaticlabs/prysm/v5/encoding/bytesutil
crypto/sha1
crypto/tls/internal/fips140tls
crypto/dsa
crypto/x509/pkix
encoding/pem
net/url
vendor/golang.org/x/text/transform
vendor/golang.org/x/text/unicode/bidi
crypto/x509
vendor/golang.org/x/text/secure/bidirule
vendor/golang.org/x/text/unicode/norm
github.com/supranational/blst/bindings/go
vendor/golang.org/x/net/idna
crypto/tls
net/textproto
vendor/golang.org/x/net/http/httpguts
vendor/golang.org/x/net/http/httpproxy
vendor/golang.org/x/net/http2/hpack
mime
mime/quotedprintable
mime/multipart
net/http/internal
net/http/internal/ascii
github.com/beorn7/perks/quantile
github.com/cespare/xxhash/v2
hash/fnv
google.golang.org/protobuf/internal/detrand
google.golang.org/protobuf/internal/errors
google.golang.org/protobuf/encoding/protowire
google.golang.org/protobuf/internal/pragma
google.golang.org/protobuf/reflect/protoreflect
google.golang.org/protobuf/internal/descfmt
net/http/httptrace
net/http/internal/httpcommon
google.golang.org/protobuf/internal/descopts
google.golang.org/protobuf/internal/editiondefaults
net/http
go/token
google.golang.org/protobuf/internal/strs
google.golang.org/protobuf/internal/encoding/text
google.golang.org/protobuf/internal/encoding/defval
google.golang.org/protobuf/internal/encoding/messageset
google.golang.org/protobuf/internal/genid
google.golang.org/protobuf/internal/order
google.golang.org/protobuf/reflect/protoregistry
google.golang.org/protobuf/runtime/protoiface
google.golang.org/protobuf/proto
google.golang.org/protobuf/internal/filedesc
google.golang.org/protobuf/encoding/prototext
google.golang.org/protobuf/internal/encoding/tag
google.golang.org/protobuf/internal/protolazy
google.golang.org/protobuf/internal/impl
expvar
google.golang.org/protobuf/internal/version
github.com/munnerz/goautoneg
github.com/ethereum/c-kzg-4844/v2/bindings/go
google.golang.org/protobuf/encoding/protodelim
github.com/prometheus/procfs/internal/fs
github.com/prometheus/procfs/internal/util
github.com/ethereum/go-ethereum/crypto/kzg4844
golang.org/x/sys/unix
google.golang.org/protobuf/internal/filetype
google.golang.org/protobuf/runtime/protoimpl
google.golang.org/protobuf/types/known/timestamppb
github.com/sirupsen/logrus
internal/sysinfo
github.com/prometheus/client_model/go
github.com/prometheus/common/model
runtime/trace
github.com/prometheus/procfs
testing
github.com/prometheus/client_golang/prometheus/internal
github.com/prometheus/common/expfmt
github.com/prysmaticlabs/prysm/v5/crypto/bls/common
github.com/prysmaticlabs/prysm/v5/crypto/rand
golang.org/x/crypto/sha3
github.com/panjf2000/ants/v2/internal
github.com/panjf2000/ants/v2
github.com/ethereum/go-ethereum/common/gopool
container/heap
github.com/ethereum/go-ethereum/common/mclock
github.com/ethereum/go-ethereum/event
github.com/prometheus/client_golang/prometheus
github.com/deckarep/golang-set/v2
github.com/go-logr/logr
github.com/go-logr/logr/funcr
github.com/go-logr/stdr
go.opentelemetry.io/auto/sdk/internal/telemetry
github.com/prometheus/client_golang/prometheus/promauto
github.com/prysmaticlabs/prysm/v5/runtime/version
github.com/prysmaticlabs/prysm/v5/config/params
go.opentelemetry.io/otel/attribute/internal
go.opentelemetry.io/otel/attribute/internal/xxhash
go.opentelemetry.io/otel/attribute
github.com/prysmaticlabs/prysm/v5/crypto/bls/blst
go.opentelemetry.io/otel/codes
go.opentelemetry.io/otel/semconv/v1.37.0
go.opentelemetry.io/otel/semconv/v1.40.0
go.opentelemetry.io/otel/trace/internal/telemetry
go.opentelemetry.io/otel/internal/errorhandler
go.opentelemetry.io/otel/metric
go.opentelemetry.io/otel/trace
go.opentelemetry.io/otel/internal/baggage
go.opentelemetry.io/otel/baggage
go.opentelemetry.io/otel/semconv/v1.38.0
github.com/herumi/bls-eth-go-binary/bls
go.opentelemetry.io/otel/trace/noop
go.opentelemetry.io/auto/sdk
go.opentelemetry.io/otel/propagation
github.com/shirou/gopsutil/internal/common
go.opentelemetry.io/otel/internal/global
github.com/prysmaticlabs/prysm/v5/crypto/bls/herumi
github.com/tklauser/numcpus
github.com/prysmaticlabs/prysm/v5/crypto/bls
log/syslog
github.com/tklauser/go-sysconf
go.opentelemetry.io/otel
text/tabwriter
github.com/ethereum/go-ethereum/internal/telemetry
runtime/pprof
github.com/shirou/gopsutil/cpu
github.com/ethereum/go-ethereum/p2p/netutil
github.com/gorilla/websocket
github.com/fsnotify/fsnotify
github.com/google/uuid
github.com/ethereum/go-ethereum/metrics
crypto/internal/fips140/pbkdf2
github.com/gballet/go-libpcsclite
crypto/pbkdf2
golang.org/x/crypto/pbkdf2
github.com/status-im/keycard-go/derivationpath
golang.org/x/crypto/scrypt
golang.org/x/text/transform
google.golang.org/protobuf/types/descriptorpb
golang.org/x/text/unicode/norm
github.com/ethereum/go-ethereum/rpc
github.com/ethereum/go-ethereum/accounts/usbwallet/trezor
github.com/ethereum/go-ethereum/beacon/merkle
gopkg.in/yaml.v3
github.com/ethereum/go-ethereum/common/fdlimit
github.com/mattn/go-runewidth
os/signal
github.com/peterh/liner
github.com/ethereum/go-ethereum/console/prompt
github.com/ethereum/go-ethereum/common/lru
github.com/ethereum/go-ethereum/beacon/params
github.com/ethereum/go-ethereum/common/prque
github.com/ethereum/go-ethereum/ethdb
github.com/cometbft/cometbft/crypto/tmhash
github.com/cometbft/cometbft/libs/bytes
github.com/cometbft/cometbft/crypto
github.com/cometbft/cometbft/libs/sync
github.com/cometbft/cometbft/libs/json
golang.org/x/crypto/ed25519
hash/adler32
github.com/ethereum/go-ethereum/crypto/secp256k1
compress/zlib
github.com/decred/dcrd/dcrec/secp256k1/v4
github.com/cometbft/cometbft/crypto/ed25519
golang.org/x/crypto/ripemd160
github.com/cosmos/gogoproto/proto
github.com/ethereum/go-ethereum/crypto
github.com/ethereum/go-ethereum/core/types/bal
github.com/ethereum/go-ethereum/core/types
github.com/ethereum/go-ethereum/trie/trienode
github.com/btcsuite/btcd/btcec/v2
github.com/decred/dcrd/dcrec/secp256k1/v4/ecdsa
github.com/btcsuite/btcd/btcec/v2/ecdsa
github.com/cometbft/cometbft/crypto/secp256k1
github.com/cosmos/gogoproto/sortkeys
google.golang.org/protobuf/types/known/durationpb
github.com/golang/protobuf/ptypes/duration
golang.org/x/net/internal/timeseries
html
github.com/ethereum/go-ethereum
github.com/ethereum/go-ethereum/core/tracing
github.com/ethereum/go-ethereum/accounts
text/template/parse
github.com/ethereum/go-ethereum/signer/core/apitypes
github.com/ethereum/go-ethereum/accounts/external
github.com/ethereum/go-ethereum/accounts/keystore
github.com/ethereum/go-ethereum/accounts/scwallet
text/template
github.com/cosmos/gogoproto/protoc-gen-gogo/descriptor
github.com/cometbft/cometbft/libs/protoio
github.com/cosmos/gogoproto/types
html/template
github.com/cosmos/gogoproto/gogoproto
github.com/cometbft/cometbft/proto/tendermint/crypto
github.com/cometbft/cometbft/proto/tendermint/version
github.com/cometbft/cometbft/crypto/encoding
golang.org/x/net/trace
google.golang.org/grpc/backoff
google.golang.org/grpc/grpclog/internal
google.golang.org/grpc/grpclog
google.golang.org/grpc/connectivity
google.golang.org/grpc/attributes
google.golang.org/grpc/internal/credentials
google.golang.org/grpc/internal/envconfig
google.golang.org/grpc/internal
google.golang.org/grpc/credentials
github.com/cometbft/cometbft/proto/tendermint/types
google.golang.org/grpc/metadata
google.golang.org/grpc/internal/channelz
google.golang.org/grpc/stats
google.golang.org/grpc/experimental/stats
google.golang.org/grpc/resolver
google.golang.org/grpc/channelz
google.golang.org/grpc/balancer/pickfirst/internal
google.golang.org/grpc/balancer
google.golang.org/grpc/internal/balancer/weight
google.golang.org/grpc/internal/grpclog
google.golang.org/grpc/balancer/base
google.golang.org/protobuf/internal/encoding/json
google.golang.org/protobuf/protoadapt
google.golang.org/protobuf/encoding/protojson
google.golang.org/grpc/balancer/endpointsharding
google.golang.org/grpc/codes
google.golang.org/grpc/credentials/insecure
google.golang.org/grpc/internal/grpcutil
google.golang.org/grpc/internal/mem
google.golang.org/grpc/mem
google.golang.org/grpc/internal/backoff
google.golang.org/grpc/encoding
google.golang.org/grpc/internal/pretty
google.golang.org/grpc/internal/balancer/gracefulswitch
google.golang.org/grpc/encoding/proto
google.golang.org/grpc/balancer/pickfirst
google.golang.org/grpc/internal/balancerload
google.golang.org/grpc/binarylog/grpc_binarylog_v1
google.golang.org/protobuf/types/known/anypb
google.golang.org/genproto/googleapis/rpc/status
google.golang.org/grpc/internal/buffer
google.golang.org/grpc/internal/grpcsync
google.golang.org/grpc/balancer/roundrobin
google.golang.org/grpc/internal/idle
google.golang.org/grpc/internal/metadata
google.golang.org/grpc/internal/status
google.golang.org/grpc/internal/serviceconfig
google.golang.org/grpc/internal/proxyattributes
golang.org/x/text/unicode/bidi
google.golang.org/grpc/internal/resolver
google.golang.org/grpc/status
golang.org/x/net/http2/hpack
google.golang.org/grpc/internal/binarylog
golang.org/x/net/internal/httpsfv
golang.org/x/text/secure/bidirule
google.golang.org/grpc/internal/stats
google.golang.org/grpc/internal/syscall
golang.org/x/net/idna
google.golang.org/grpc/internal/transport/networktype
google.golang.org/grpc/keepalive
google.golang.org/grpc/peer
google.golang.org/grpc/tap
google.golang.org/grpc/internal/resolver/passthrough
net/http/httputil
google.golang.org/grpc/internal/resolver/unix
google.golang.org/grpc/balancer/grpclb/state
google.golang.org/grpc/internal/resolver/dns/internal
google.golang.org/grpc/internal/resolver/dns
google.golang.org/grpc/resolver/dns
golang.org/x/net/http/httpguts
github.com/cosmos/gogoproto/jsonpb
golang.org/x/net/context
golang.org/x/net/internal/httpcommon
github.com/cometbft/cometbft/crypto/merkle
golang.org/x/net/http2
github.com/cometbft/cometbft/libs/math
github.com/cometbft/cometbft/libs/rand
github.com/cometbft/cometbft/proto/tendermint/libs/bits
github.com/go-logfmt/logfmt
github.com/cometbft/cometbft/libs/bits
github.com/cometbft/cometbft/libs/pubsub/query
github.com/go-kit/log
github.com/cometbft/cometbft/types/time
github.com/go-kit/log/level
github.com/go-kit/log/term
github.com/davecgh/go-spew/spew
github.com/cometbft/cometbft/libs/log
github.com/cometbft/cometbft/libs/os
github.com/cometbft/cometbft/libs/service
github.com/cometbft/cometbft/libs/pubsub
github.com/tendermint/go-amino
github.com/gogo/protobuf/proto
github.com/tendermint/tendermint/crypto/tmhash
google.golang.org/protobuf/internal/editionssupport
google.golang.org/grpc/internal/transport
google.golang.org/protobuf/types/gofeaturespb
google.golang.org/protobuf/reflect/protodesc
github.com/golang/protobuf/proto
google.golang.org/grpc/internal/resolver/delegatingresolver
github.com/go-kit/kit/log
google.golang.org/grpc
github.com/go-kit/kit/log/level
github.com/go-kit/kit/log/term
github.com/tendermint/tendermint/libs/log
github.com/syndtr/goleveldb/leveldb/util
github.com/syndtr/goleveldb/leveldb/cache
github.com/syndtr/goleveldb/leveldb/comparer
github.com/syndtr/goleveldb/leveldb/storage
github.com/syndtr/goleveldb/leveldb/errors
github.com/syndtr/goleveldb/leveldb/filter
github.com/syndtr/goleveldb/leveldb/iterator
github.com/gogo/protobuf/protoc-gen-gogo/descriptor
github.com/syndtr/goleveldb/leveldb/journal
github.com/syndtr/goleveldb/leveldb/memdb
github.com/syndtr/goleveldb/leveldb/opt
github.com/golang/snappy
github.com/cosmos/gogoproto/grpc
github.com/syndtr/goleveldb/leveldb/table
github.com/cometbft/cometbft/abci/types
github.com/gogo/protobuf/gogoproto
github.com/syndtr/goleveldb/leveldb
github.com/tendermint/tendermint/libs/common
github.com/tendermint/tendermint/crypto/merkle
github.com/ethereum/go-bigmodexpfix/src/math/big
github.com/tendermint/tendermint/libs/db
github.com/cosmos/iavl
github.com/cometbft/cometbft/types
github.com/ethereum/go-ethereum/consensus/misc/eip4844
github.com/ethereum/hid
encoding/gob
github.com/bnb-chain/fastssz
github.com/ethereum/go-ethereum/accounts/usbwallet
github.com/ethereum/go-ethereum/internal/era/e2store
github.com/ethereum/go-ethereum/ethdb/memorydb
github.com/ethereum/go-ethereum/internal/tablewriter
github.com/ethereum/go-ethereum/internal/era
github.com/gofrs/flock
github.com/VictoriaMetrics/fastcache
github.com/ethereum/go-ethereum/internal/era/onedb
github.com/ethereum/go-ethereum/triedb/database
golang.org/x/sync/semaphore
github.com/ethereum/go-ethereum/core/rawdb/eradb
github.com/bnb-chain/ics23
github.com/tendermint/tendermint/crypto
github.com/ethereum/go-ethereum/core/rawdb
github.com/tendermint/tendermint/crypto/ed25519
github.com/tendermint/tendermint/crypto/multisig/bitarray
github.com/tendermint/tendermint/crypto/secp256k1
github.com/holiman/bloomfilter/v2
github.com/tendermint/tendermint/crypto/multisig
github.com/tendermint/tendermint/lite/errors
github.com/tendermint/tendermint/libs/pubsub
github.com/tendermint/tendermint/crypto/encoding/amino
github.com/tendermint/tendermint/libs/pubsub/query
github.com/klauspost/compress/fse
github.com/klauspost/compress/internal/snapref
github.com/klauspost/compress/zstd/internal/xxhash
github.com/prometheus/client_golang/internal/github.com/golang/gddo/httputil/header
github.com/klauspost/compress/huff0
github.com/rs/cors
github.com/prometheus/client_golang/internal/github.com/golang/gddo/httputil
github.com/gogo/protobuf/sortkeys
github.com/golang/protobuf/ptypes/timestamp
github.com/tendermint/tendermint/libs/flowrate
github.com/gogo/protobuf/types
github.com/go-kit/kit/metrics
github.com/go-kit/kit/metrics/discard
github.com/go-kit/kit/metrics/internal/lv
github.com/go-kit/kit/metrics/prometheus
github.com/klauspost/compress/zstd
github.com/tendermint/tendermint/config
golang.org/x/crypto/chacha20
golang.org/x/crypto/internal/poly1305
golang.org/x/crypto/chacha20poly1305
github.com/ethereum/go-ethereum/core/overlay
github.com/ethereum/go-ethereum/trie
golang.org/x/crypto/curve25519
golang.org/x/crypto/hkdf
golang.org/x/crypto/blake2b
golang.org/x/crypto/nacl/secretbox
golang.org/x/crypto/nacl/box
github.com/tendermint/tendermint/p2p/conn
github.com/tendermint/tendermint/p2p
github.com/prometheus/client_golang/prometheus/promhttp
github.com/ethereum/go-ethereum/triedb/hashdb
github.com/ethereum/go-ethereum/triedb/internal
github.com/ethereum/go-ethereum/trie/bintrie
github.com/ethereum/go-ethereum/core/stateless
github.com/gogo/protobuf/jsonpb
github.com/tendermint/tendermint/libs/fail
github.com/tendermint/tendermint/libs/autofile
github.com/tendermint/tendermint/libs/clist
github.com/ethereum/go-ethereum/triedb/pathdb
github.com/ethereum/go-ethereum/trie/transitiontrie
github.com/tendermint/tendermint/types/time
github.com/tendermint/tendermint/libs/events
github.com/tendermint/tendermint/p2p/pex
github.com/tendermint/tendermint/rpc/lib/types
github.com/tendermint/tendermint/abci/types
golang.org/x/net/netutil
github.com/tendermint/tendermint/rpc/lib/server
internal/profile
github.com/rcrowley/go-metrics
net/http/pprof
github.com/cometbft/cometbft/light/provider
github.com/cometbft/cometbft/config
github.com/tendermint/tendermint/rpc/lib/client
github.com/cometbft/cometbft/libs/cmap
github.com/cometbft/cometbft/libs/net
github.com/cometbft/cometbft/libs/strings
github.com/cometbft/cometbft/libs/async
github.com/cometbft/cometbft/libs/flowrate
github.com/cometbft/cometbft/libs/timer
github.com/cometbft/cometbft/proto/tendermint/p2p
github.com/mimoo/StrobeGo/strobe
github.com/gtank/merlin
github.com/libp2p/go-buffer-pool
github.com/ethereum/go-ethereum/triedb
github.com/hashicorp/golang-lru/simplelru
github.com/tendermint/tendermint/abci/client
github.com/tendermint/tendermint/abci/example/counter
github.com/tendermint/tendermint/abci/example/kvstore
github.com/tendermint/tendermint/types
github.com/ethereum/go-ethereum/core/state/snapshot
github.com/cometbft/cometbft/p2p/conn
github.com/cometbft/cometbft/p2p
github.com/tendermint/tendermint/proxy
github.com/hashicorp/golang-lru
github.com/cometbft/cometbft/rpc/jsonrpc/types
github.com/tendermint/tendermint/mempool
github.com/ethereum/go-ethereum/core/state
github.com/tendermint/tendermint/consensus/types
github.com/tendermint/tendermint/privval
github.com/tendermint/tendermint/state
github.com/tendermint/tendermint/mock
github.com/tendermint/tendermint/state/txindex
github.com/tendermint/tendermint/state/txindex/null
github.com/tendermint/tendermint/state/txindex/kv
github.com/cometbft/cometbft/proto/tendermint/votepool
github.com/tendermint/tendermint/blockchain
github.com/tendermint/tendermint/evidence
github.com/tendermint/tendermint/rpc/core/types
github.com/cometbft/cometbft/votepool
github.com/tendermint/tendermint/consensus
github.com/cometbft/cometbft/light/store
github.com/ethereum/go-ethereum/crypto/blake2b
github.com/consensys/gnark-crypto/ecc/bn254/fp
github.com/cometbft/cometbft/rpc/core/types
github.com/cometbft/cometbft/rpc/client
github.com/cometbft/cometbft/rpc/jsonrpc/client
github.com/consensys/gnark-crypto/ecc/bn254/fr
github.com/ethereum/go-ethereum/crypto/secp256r1
github.com/ethereum/go-ethereum/core/history
github.com/cometbft/cometbft/rpc/client/http
github.com/ethereum/go-ethereum/core/monitor
github.com/tendermint/tendermint/rpc/core
github.com/ethereum/go-ethereum/core/systemcontracts/bohr
github.com/ethereum/go-ethereum/core/systemcontracts/bruno
github.com/consensys/gnark-crypto/ecc/bn254/internal/fptower
github.com/ethereum/go-ethereum/core/systemcontracts/euler
github.com/cometbft/cometbft/light/provider/http
github.com/ethereum/go-ethereum/core/systemcontracts/fermi
github.com/ethereum/go-ethereum/core/systemcontracts/feynman
github.com/tendermint/tendermint/rpc/grpc
github.com/ethereum/go-ethereum/core/systemcontracts/feynman_fix
github.com/cometbft/cometbft/light
github.com/ethereum/go-ethereum/core/systemcontracts/gibbs
github.com/ethereum/go-ethereum/core/systemcontracts/haber_fix
github.com/ethereum/go-ethereum/core/systemcontracts/kepler
github.com/ethereum/go-ethereum/core/systemcontracts/lorentz
github.com/ethereum/go-ethereum/core/systemcontracts/luban
github.com/consensys/gnark-crypto/ecc/bn254/hash_to_curve
github.com/ethereum/go-ethereum/core/systemcontracts/maxwell
github.com/ethereum/go-ethereum/core/systemcontracts/mirror
github.com/consensys/gnark-crypto/ecc/bn254
github.com/ethereum/go-ethereum/core/systemcontracts/moran
github.com/tendermint/tendermint/node
github.com/ethereum/go-ethereum/core/vm/lightclient/v2
github.com/ethereum/go-ethereum/core/systemcontracts/niels
github.com/ethereum/go-ethereum/core/systemcontracts/pascal
github.com/ethereum/go-ethereum/core/systemcontracts/pasteur
github.com/ethereum/go-ethereum/core/systemcontracts/planck
github.com/ethereum/go-ethereum/core/systemcontracts/plato
github.com/ethereum/go-ethereum/core/systemcontracts/ramanujan
github.com/ethereum/go-ethereum/internal/version
github.com/holiman/billy
github.com/dchest/siphash
github.com/ethereum/go-ethereum/accounts/abi
github.com/ethereum/go-ethereum/core/forkid
github.com/ethereum/go-ethereum/core/types/builder
github.com/tendermint/tendermint/rpc/client
github.com/ethereum/go-ethereum/core/filtermaps
github.com/ethereum/go-ethereum/p2p/enr
github.com/ethereum/go-ethereum/p2p/enode
github.com/ethereum/go-ethereum/core/vm/lightclient/v1
github.com/ethereum/go-ethereum/crypto/bn256/gnark
github.com/ethereum/go-ethereum/crypto/bn256
encoding/xml
github.com/ethereum/go-ethereum/core/vm
github.com/ethereum/go-ethereum/p2p/discover/v4wire
github.com/ethereum/go-ethereum/p2p/discover/v5wire
github.com/huin/goupnp/httpu
github.com/huin/goupnp/ssdp
github.com/huin/goupnp/scpd
github.com/huin/goupnp/soap
github.com/ethereum/go-ethereum/p2p/discover
github.com/jackpal/go-nat-pmp
github.com/pion/dtls/v2/internal/util
github.com/pion/dtls/v2/pkg/crypto/ccm
github.com/huin/goupnp
github.com/pion/dtls/v2/pkg/crypto/elliptic
github.com/pion/dtls/v2/pkg/protocol
github.com/pion/dtls/v2/pkg/crypto/prf
github.com/huin/goupnp/dcps/internetgateway1
github.com/huin/goupnp/dcps/internetgateway2
github.com/pion/dtls/v2/pkg/protocol/alert
github.com/pion/dtls/v2/pkg/crypto/hash
github.com/pion/dtls/v2/pkg/crypto/signaturehash
golang.org/x/crypto/cryptobyte
github.com/pion/dtls/v2/internal/closer
github.com/pion/logging
github.com/ethereum/go-ethereum/consensus
github.com/ethereum/go-ethereum/consensus/misc
github.com/ethereum/go-ethereum/core/systemcontracts
github.com/ethereum/go-ethereum/eth/tracers/logger
github.com/ethereum/go-ethereum/internal/ethapi/override
github.com/ethereum/go-ethereum/consensus/misc/eip1559
github.com/ethereum/go-ethereum/consensus/beacon
github.com/ethereum/go-ethereum/consensus/ethash
github.com/pion/dtls/v2/pkg/protocol/extension
github.com/pion/transport/v2/connctx
github.com/pion/dtls/v2/pkg/protocol/handshake
github.com/pion/transport/v2/deadline
github.com/pion/transport/v2/replaydetector
github.com/pion/transport/v2/packetio
golang.org/x/net/bpf
golang.org/x/net/internal/socket
github.com/ethereum/go-ethereum/core
github.com/pion/dtls/v2/pkg/protocol/recordlayer
github.com/pion/stun/v2/internal/hmac
github.com/pion/dtls/v2/pkg/crypto/ciphersuite
golang.org/x/net/ipv4
golang.org/x/net/ipv6
github.com/pion/dtls/v2/internal/ciphersuite
github.com/pion/transport/v3
github.com/wlynxg/anet
github.com/pion/transport/v3/stdnet
github.com/ethereum/go-ethereum/crypto/ecies
github.com/pion/transport/v2/udp
github.com/ethereum/go-ethereum/core/state/pruner
github.com/ethereum/go-ethereum/p2p/rlpx
github.com/pion/dtls/v2
github.com/ethereum/go-ethereum/consensus/clique
github.com/ethereum/go-ethereum/miner/minerconfig
github.com/ethereum/go-ethereum/p2p/msgrate
github.com/prysmaticlabs/prysm/v5/consensus-types/validator
github.com/pion/stun/v2
github.com/prysmaticlabs/prysm/v5/proto/eth/ext
google.golang.org/genproto/googleapis/api
github.com/prysmaticlabs/prysm/v5/proto/engine/v1
google.golang.org/genproto/googleapis/api/annotations
github.com/ethereum/go-ethereum/core/txpool
github.com/ethereum/go-ethereum/eth/gasestimator
github.com/ethereum/go-ethereum/p2p/nat
github.com/ethereum/go-ethereum/eth/gasprice
github.com/ethereum/go-ethereum/core/txpool/blobpool
github.com/ethereum/go-ethereum/core/txpool/legacypool
github.com/ethereum/go-ethereum/p2p
google.golang.org/protobuf/types/known/emptypb
github.com/ethereum/go-ethereum/core/txpool/locals
google.golang.org/protobuf/types/known/wrapperspb
github.com/aristanetworks/goarista/monotime
github.com/prysmaticlabs/prysm/v5/time/mclock
github.com/go-playground/locales
github.com/prysmaticlabs/prysm/v5/proto/prysm/v1alpha1
github.com/prysmaticlabs/prysm/v5/async/event
github.com/go-playground/universal-translator
github.com/leodido/go-urn
golang.org/x/text/internal/tag
golang.org/x/text/internal/language
github.com/ethereum/go-ethereum/internal/ethapi
github.com/ethereum/go-ethereum/p2p/tracker
github.com/ethereum/go-ethereum/eth/protocols/eth
github.com/ethereum/go-ethereum/eth/protocols/snap
github.com/ethereum/go-ethereum/consensus/parlia
golang.org/x/text/internal/language/compact
github.com/logrusorgru/aurora
golang.org/x/text/language
github.com/go-playground/validator/v10
os/user
github.com/prysmaticlabs/prysm/v5/monitoring/tracing/trace
github.com/ethereum/go-ethereum/eth/ethconfig
github.com/minio/highwayhash
github.com/prysmaticlabs/prysm/v5/io/file
go.opentelemetry.io/otel/sdk/instrumentation
github.com/prysmaticlabs/prysm/v5/crypto/hash
go.opentelemetry.io/otel/sdk/internal/x
go.opentelemetry.io/otel/sdk/resource
github.com/prysmaticlabs/prysm/v5/validator/accounts/petnames
go.opentelemetry.io/otel/sdk/trace/internal/env
go.opentelemetry.io/otel/metric/noop
go.opentelemetry.io/proto/otlp/common/v1
go.opentelemetry.io/otel/semconv/v1.40.0/otelconv
go.opentelemetry.io/proto/otlp/resource/v1
go.opentelemetry.io/proto/otlp/trace/v1
github.com/ethereum/go-ethereum/eth/downloader
go.opentelemetry.io/otel/exporters/otlp/otlptrace/otlptracehttp/internal
go.opentelemetry.io/otel/exporters/otlp/otlptrace/otlptracehttp/internal/x
go.opentelemetry.io/otel/sdk/trace/internal/observ
go.opentelemetry.io/otel/exporters/otlp/otlptrace/otlptracehttp/internal/observ
go.opentelemetry.io/otel/sdk/trace
go.opentelemetry.io/otel/exporters/otlp/otlptrace/otlptracehttp/internal/envconfig
github.com/cenkalti/backoff/v5
go.opentelemetry.io/otel/exporters/otlp/otlptrace/otlptracehttp/internal/retry
google.golang.org/grpc/encoding/gzip
github.com/grpc-ecosystem/grpc-gateway/v2/utilities
github.com/grpc-ecosystem/grpc-gateway/v2/internal/httprule
go.opentelemetry.io/otel/exporters/otlp/otlptrace/internal/tracetransform
google.golang.org/genproto/googleapis/api/httpbody
go.opentelemetry.io/otel/exporters/otlp/otlptrace
google.golang.org/grpc/health/grpc_health_v1
go.opentelemetry.io/otel/exporters/otlp/otlptrace/otlptracehttp/internal/otlpconfig
google.golang.org/protobuf/types/known/fieldmaskpb
google.golang.org/protobuf/types/known/structpb
go.opentelemetry.io/otel/semconv/v1.17.0
github.com/grpc-ecosystem/grpc-gateway/v2/runtime
github.com/felixge/httpsnoop
go.opentelemetry.io/contrib/instrumentation/net/http/otelhttp/internal/request
go.opentelemetry.io/otel/semconv/v1.20.0
go.opentelemetry.io/otel/semconv/v1.26.0
go.opentelemetry.io/contrib/instrumentation/net/http/otelhttp/internal/semconvutil
github.com/prysmaticlabs/prysm/v5/proto/prysm/v1alpha1/validator-client
go.opentelemetry.io/proto/otlp/collector/trace/v1
github.com/prysmaticlabs/prysm/v5/beacon-chain/core/transition/stateutils
github.com/prysmaticlabs/prysm/v5/validator/keymanager
github.com/prysmaticlabs/prysm/v5/container/multi-value-slice
go.opentelemetry.io/contrib/instrumentation/net/http/otelhttp/internal/semconv
github.com/prysmaticlabs/prysm/v5/container/trie
github.com/prysmaticlabs/prysm/v5/crypto/hash/htr
go.opentelemetry.io/otel/exporters/otlp/otlptrace/otlptracehttp
github.com/prysmaticlabs/prysm/v5/consensus-types
github.com/prysmaticlabs/prysm/v5/consensus-types/interfaces
github.com/prysmaticlabs/prysm/v5/encoding/ssz
github.com/prysmaticlabs/prysm/v5/beacon-chain/state
go.opentelemetry.io/contrib/instrumentation/net/http/otelhttp
github.com/prysmaticlabs/prysm/v5/beacon-chain/state/stateutil
github.com/prysmaticlabs/prysm/v5/monitoring/tracing
github.com/prysmaticlabs/prysm/v5/time
github.com/prysmaticlabs/prysm/v5/time/slots
github.com/prysmaticlabs/prysm/v5/beacon-chain/core/signing
github.com/prysmaticlabs/prysm/v5/api
github.com/prysmaticlabs/prysm/v5/validator/keymanager/remote-web3signer/internal
github.com/prysmaticlabs/prysm/v5/network/forks
github.com/prysmaticlabs/prysm/v5/consensus-types/blocks
github.com/xrash/smetrics
golang.org/x/term
github.com/prysmaticlabs/prysm/v5/validator/keymanager/remote-web3signer/types
golang.org/x/crypto/ssh/terminal
github.com/prysmaticlabs/prysm/v5/validator/keymanager/remote-web3signer
github.com/chzyer/readline
github.com/urfave/cli/v2
github.com/lunixbochs/vtclean
github.com/juju/ansiterm/tabwriter
github.com/mattn/go-isatty
github.com/mattn/go-colorable
github.com/juju/ansiterm
github.com/prysmaticlabs/prysm/v5/validator/accounts/iface
github.com/manifoldco/promptui/list
github.com/manifoldco/promptui/screenbuf
github.com/k0kubun/go-ansi
github.com/prysmaticlabs/prysm/v5/async
github.com/BurntSushi/toml/internal
github.com/BurntSushi/toml
github.com/patrickmn/go-cache
github.com/manifoldco/promptui
github.com/prysmaticlabs/prysm/v5/beacon-chain/forkchoice/types
github.com/prysmaticlabs/prysm/v5/proto/prysm/v1alpha1/attestation
github.com/prysmaticlabs/prysm/v5/cache/lru
github.com/google/go-cmp/cmp/internal/diff
github.com/prysmaticlabs/prysm/v5/cmd/validator/flags
github.com/prysmaticlabs/prysm/v5/io/prompt
github.com/prysmaticlabs/prysm/v5/cmd/beacon-chain/sync/backfill/flags
github.com/urfave/cli/v2/altsrc
github.com/prysmaticlabs/prysm/v5/beacon-chain/operations/attestations/attmap
github.com/google/go-cmp/cmp/internal/function
github.com/prysmaticlabs/prysm/v5/validator/accounts/userprompt
github.com/google/go-cmp/cmp/internal/value
github.com/google/gofuzz/bytesource
gopkg.in/inf.v0
github.com/google/gofuzz
github.com/google/go-cmp/cmp
k8s.io/apimachinery/pkg/api/resource
k8s.io/apimachinery/third_party/forked/golang/reflect
github.com/prysmaticlabs/prysm/v5/cmd
k8s.io/apimachinery/pkg/conversion
k8s.io/apimachinery/pkg/fields
k8s.io/apimachinery/pkg/util/sets
github.com/prysmaticlabs/prysm/v5/config/features
k8s.io/utils/internal/third_party/forked/golang/net
k8s.io/utils/net
k8s.io/klog/v2/internal/severity
k8s.io/klog/v2/internal/clock
k8s.io/klog/v2/internal/buffer
k8s.io/klog/v2/internal/serialize
k8s.io/klog/v2/internal/sloghandler
go/internal/scannerhooks
go/scanner
k8s.io/klog/v2
go/doc/comment
go/ast
k8s.io/apimachinery/pkg/util/errors
internal/lazyregexp
go/build/constraint
k8s.io/apimachinery/pkg/util/validation/field
k8s.io/apimachinery/pkg/conversion/queryparams
k8s.io/apimachinery/pkg/runtime/schema
sigs.k8s.io/json/internal/golang/encoding/json
k8s.io/apimachinery/pkg/util/validation
k8s.io/apimachinery/pkg/util/naming
k8s.io/apimachinery/pkg/util/runtime
k8s.io/apimachinery/pkg/labels
github.com/modern-go/concurrent
go/doc
go/parser
github.com/modern-go/reflect2
sigs.k8s.io/json
k8s.io/apimachinery/pkg/util/json
k8s.io/apimachinery/pkg/util/intstr
k8s.io/apimachinery/pkg/util/net
k8s.io/utils/clock
k8s.io/apimachinery/pkg/util/dump
k8s.io/apimachinery/pkg/util/cache
k8s.io/apimachinery/pkg/util/diff
k8s.io/apimachinery/pkg/util/wait
k8s.io/client-go/features
k8s.io/apimachinery/pkg/version
k8s.io/client-go/pkg/version
k8s.io/apimachinery/pkg/util/framer
sigs.k8s.io/yaml
k8s.io/client-go/tools/metrics
golang.org/x/oauth2/internal
k8s.io/client-go/util/connrotation
golang.org/x/time/rate
golang.org/x/oauth2
k8s.io/apimachinery/pkg/util/yaml
github.com/json-iterator/go
k8s.io/client-go/util/workqueue
k8s.io/client-go/util/keyutil
k8s.io/utils/clock/testing
k8s.io/client-go/util/cert
k8s.io/client-go/util/flowcontrol
k8s.io/client-go/transport
k8s.io/client-go/tools/cache/synctrack
k8s.io/utils/ptr
k8s.io/utils/trace
k8s.io/utils/pointer
github.com/prysmaticlabs/prysm/v5/beacon-chain/core/time
go/printer
github.com/ethereum/go-ethereum/accounts/abi/bind/v2
github.com/prysmaticlabs/prysm/v5/proto/prysm/v1alpha1/slashings
github.com/prysmaticlabs/prysm/v5/proto/prysm/v1alpha1/metadata
github.com/prysmaticlabs/prysm/v5/consensus-types/wrapper
github.com/prysmaticlabs/prysm/v5/beacon-chain/state/state-native/custom-types
github.com/prysmaticlabs/prysm/v5/beacon-chain/p2p/types
github.com/prysmaticlabs/prysm/v5/beacon-chain/state/state-native/types
go/format
github.com/prysmaticlabs/prysm/v5/beacon-chain/state/fieldtrie
github.com/ethereum/go-ethereum/accounts/abi/abigen
github.com/prysmaticlabs/prysm/v5/beacon-chain/core/transition/interop
github.com/mitchellh/colorstring
github.com/ethereum/go-ethereum/accounts/abi/bind
github.com/wealdtech/go-eth2-wallet-encryptor-keystorev4
github.com/schollz/progressbar/v3
sigs.k8s.io/structured-merge-diff/v4/value
github.com/tyler-smith/go-bip39/wordlists
github.com/tyler-smith/go-bip39
github.com/prysmaticlabs/prysm/v5/contracts/deposit
github.com/wealdtech/go-bytesutil
github.com/emicklei/dot
github.com/tidwall/pretty
github.com/tidwall/gjson
github.com/ferranbt/fastssz
github.com/tidwall/tinylru
github.com/ethereum/go-ethereum/eth/fetcher
github.com/wealdtech/go-eth2-types/v2
k8s.io/apimachinery/pkg/runtime
github.com/wealdtech/go-eth2-util
github.com/tidwall/wal
github.com/ethereum/go-ethereum/eth/protocols/bsc
github.com/ethereum/go-ethereum/eth/tracers
k8s.io/apimachinery/pkg/watch
k8s.io/apimachinery/pkg/apis/meta/v1
k8s.io/apimachinery/pkg/runtime/serializer/streaming
k8s.io/apimachinery/pkg/runtime/serializer/recognizer
k8s.io/client-go/tools/clientcmd/api
github.com/ethereum/go-ethereum/internal/shutdowncheck
k8s.io/apimachinery/pkg/runtime/serializer/json
github.com/ethereum/go-ethereum/beacon/engine
github.com/ethereum/go-ethereum/common/bidutil
github.com/ethereum/go-ethereum/miner/builderclient
github.com/ethereum/go-ethereum/ethdb/leveldb
github.com/cockroachdb/errors/errorspb
github.com/ethereum/go-ethereum/miner
github.com/cockroachdb/redact/interfaces
github.com/cockroachdb/redact/internal/markers
github.com/cockroachdb/redact/internal/escape
github.com/cockroachdb/redact/internal/buffer
github.com/cockroachdb/redact/internal/fmtforward
github.com/cockroachdb/redact/internal/rfmt/fmtsort
github.com/cockroachdb/redact/internal/redact
github.com/kr/text
github.com/rogpeppe/go-internal/fmtsort
github.com/cockroachdb/redact/internal/rfmt
github.com/kr/pretty
github.com/cockroachdb/redact/builder
github.com/cockroachdb/logtags
github.com/cockroachdb/redact
github.com/getsentry/sentry-go/internal/debug
github.com/getsentry/sentry-go/internal/otel/baggage
github.com/cockroachdb/errors/errbase
golang.org/x/text/internal
github.com/cockroachdb/errors/markers
github.com/cockroachdb/errors/assert
github.com/cockroachdb/errors/barriers
github.com/cockroachdb/errors/contexttags
github.com/cockroachdb/errors/domains
github.com/cockroachdb/errors/join
github.com/cockroachdb/errors/secondary
golang.org/x/text/cases
github.com/getsentry/sentry-go/internal/traceparser
k8s.io/apimachinery/pkg/api/errors
k8s.io/client-go/pkg/apis/clientauthentication
k8s.io/apimachinery/pkg/apis/meta/v1/unstructured
k8s.io/apimachinery/pkg/api/meta
k8s.io/apimachinery/pkg/runtime/serializer/protobuf
k8s.io/client-go/pkg/apis/clientauthentication/v1
k8s.io/client-go/pkg/apis/clientauthentication/v1beta1
k8s.io/client-go/rest/watch
k8s.io/apimachinery/pkg/runtime/serializer/versioning
k8s.io/apimachinery/pkg/apis/meta/v1beta1
k8s.io/client-go/pkg/apis/clientauthentication/install
github.com/getsentry/sentry-go/internal/ratelimit
internal/buildcfg
k8s.io/apimachinery/pkg/apis/meta/internalversion
k8s.io/apimachinery/pkg/runtime/serializer
internal/goroot
k8s.io/client-go/tools/pager
golang.org/x/sys/execabs
k8s.io/client-go/plugin/pkg/client/auth/exec
go/build
github.com/cockroachdb/errors/hintdetail
github.com/cockroachdb/errors/issuelink
github.com/cockroachdb/errors/safedetails
github.com/cockroachdb/errors/telemetrykeys
k8s.io/client-go/rest
github.com/cockroachdb/fifo
github.com/cockroachdb/pebble/internal/humanize
golang.org/x/exp/rand
github.com/cockroachdb/pebble/internal/crc
github.com/getsentry/sentry-go
github.com/cockroachdb/pebble/internal/manual
k8s.io/client-go/tools/cache
github.com/cockroachdb/pebble/internal/intern
github.com/cockroachdb/tokenbucket
github.com/ethereum/go-ethereum/internal/flags
github.com/cockroachdb/errors/withstack
github.com/cockroachdb/errors/errutil
github.com/prysmaticlabs/prysm/v5/beacon-chain/cache
github.com/cockroachdb/errors/report
github.com/cockroachdb/errors
github.com/cockroachdb/errors/oserror
github.com/cockroachdb/pebble/vfs
github.com/prysmaticlabs/prysm/v5/beacon-chain/core/helpers
github.com/prysmaticlabs/prysm/v5/beacon-chain/core/validators
github.com/prysmaticlabs/prysm/v5/beacon-chain/core/blocks
github.com/prysmaticlabs/prysm/v5/beacon-chain/core/epoch
github.com/prysmaticlabs/prysm/v5/beacon-chain/core/epoch/precompute
github.com/prysmaticlabs/prysm/v5/beacon-chain/state/state-native
github.com/cockroachdb/pebble/internal/base
github.com/cockroachdb/pebble/objstorage/remote
github.com/cockroachdb/pebble/vfs/atomicfs
github.com/cockroachdb/pebble/internal/arenaskl
github.com/cockroachdb/pebble/internal/batchskl
github.com/cockroachdb/pebble/internal/cache
github.com/cockroachdb/pebble/internal/invalidating
github.com/cockroachdb/pebble/internal/manifest
github.com/cockroachdb/pebble/objstorage/objstorageprovider/sharedcache
github.com/cockroachdb/pebble/objstorage
github.com/cockroachdb/pebble/objstorage/objstorageprovider/objiotracing
github.com/cockroachdb/pebble/record
github.com/cockroachdb/pebble/objstorage/objstorageprovider/remoteobjcat
github.com/cockroachdb/pebble/internal/keyspan
github.com/cockroachdb/pebble/objstorage/objstorageprovider
github.com/prysmaticlabs/prysm/v5/beacon-chain/core/capella
github.com/prysmaticlabs/prysm/v5/beacon-chain/core/deneb
github.com/prysmaticlabs/prysm/v5/beacon-chain/core/execution
github.com/prysmaticlabs/prysm/v5/beacon-chain/core/altair
github.com/prysmaticlabs/prysm/v5/beacon-chain/core/fulu
github.com/cockroachdb/pebble/internal/private
github.com/cockroachdb/pebble/internal/rangedel
github.com/cockroachdb/pebble/internal/rangekey
github.com/prysmaticlabs/prysm/v5/beacon-chain/core/electra
github.com/prysmaticlabs/prysm/v5/beacon-chain/core/transition
github.com/prysmaticlabs/prysm/v5/runtime/interop
github.com/prysmaticlabs/prysm/v5/validator/keymanager/local
github.com/prysmaticlabs/prysm/v5/validator/keymanager/derived
github.com/prysmaticlabs/prysm/v5/validator/accounts/wallet
github.com/ethereum/go-ethereum/core/vote
github.com/cockroachdb/pebble/internal/testkeys
github.com/ethereum/go-ethereum/metrics/prometheus
github.com/cockroachdb/pebble/bloom
github.com/ethereum/go-ethereum/metrics/exp
github.com/grafana/pyroscope-go/internal/sortedmap
github.com/grafana/pyroscope-go/internal/pprof
github.com/grafana/pyroscope-go/upstream
github.com/grafana/pyroscope-go/internal/flameql
github.com/klauspost/compress/flate
github.com/grafana/pyroscope-go/upstream/remote
github.com/mitchellh/pointerstructure
gopkg.in/natefinch/lumberjack.v2
github.com/hashicorp/go-bexpr/grammar
github.com/golang-jwt/jwt/v4
github.com/hashicorp/go-bexpr
encoding/base32
golang.org/x/sync/singleflight
github.com/ethereum/go-ethereum/eth/filters
github.com/ethereum/go-ethereum/p2p/dnsdisc
github.com/klauspost/compress/gzip
github.com/grafana/pyroscope-go/godeltaprof/internal/pprof
github.com/ethereum/go-ethereum/ethdb/remotedb
github.com/ethereum/go-ethereum/graphql/internal/graphiql
github.com/graph-gophers/graphql-go/errors
github.com/grafana/pyroscope-go/godeltaprof
text/scanner
github.com/graph-gophers/graphql-go/log
github.com/grafana/pyroscope-go
github.com/opentracing/opentracing-go/log
github.com/graph-gophers/graphql-go/types
github.com/opentracing/opentracing-go
github.com/opentracing/opentracing-go/ext
github.com/ethereum/go-ethereum/internal/debug
github.com/graph-gophers/graphql-go/internal/common
github.com/graph-gophers/graphql-go/internal/exec/packer
github.com/graph-gophers/graphql-go/introspection
github.com/graph-gophers/graphql-go/internal/query
github.com/graph-gophers/graphql-go/internal/exec/resolvable
github.com/graph-gophers/graphql-go/trace
github.com/graph-gophers/graphql-go/internal/schema
github.com/graph-gophers/graphql-go/internal/exec/selected
github.com/graph-gophers/graphql-go/internal/validation
encoding/csv
github.com/graph-gophers/graphql-go/internal/exec
github.com/influxdata/influxdb-client-go/v2/log
github.com/influxdata/influxdb-client-go/v2/internal/log
github.com/influxdata/influxdb-client-go/v2/api/http
github.com/influxdata/influxdb-client-go/v2/api/query
github.com/graph-gophers/graphql-go
github.com/influxdata/line-protocol
github.com/deepmap/oapi-codegen/pkg/types
github.com/influxdata/influxdb-client-go/v2/internal/gzip
net/http/cookiejar
github.com/deepmap/oapi-codegen/pkg/runtime
golang.org/x/net/publicsuffix
github.com/influxdata/influxdb-client-go/v2/api/write
github.com/influxdata/influxdb1-client/pkg/escape
github.com/influxdata/influxdb-client-go/v2/domain
github.com/influxdata/influxdb1-client/models
github.com/influxdata/influxdb-client-go/v2/internal/write
github.com/fatih/structs
github.com/shirou/gopsutil/mem
github.com/influxdata/influxdb1-client/v2
github.com/dlclark/regexp2/syntax
github.com/go-sourcemap/sourcemap/internal/base64vlq
github.com/go-sourcemap/sourcemap
github.com/dop251/goja/file
github.com/dop251/goja/token
github.com/dop251/goja/unistring
github.com/dop251/goja/ast
github.com/dop251/goja/ftoa/internal/fast
github.com/dlclark/regexp2
github.com/dop251/goja/ftoa
golang.org/x/text/unicode/rangetable
github.com/google/pprof/profile
github.com/dop251/goja/parser
golang.org/x/text/internal/colltab
hash/maphash
github.com/fatih/color
golang.org/x/text/collate
github.com/ethereum/go-ethereum/internal/jsre/deps
github.com/ethereum/go-ethereum/eth/tracers/internal
github.com/ethereum/go-ethereum/eth/tracers/js/internal/tracers
github.com/ethereum/go-ethereum/eth/tracers/live
github.com/ethereum/go-ethereum/eth/tracers/native
github.com/ethereum/go-ethereum/ethclient
github.com/ethereum/go-ethereum/internal/download
github.com/ethereum/go-ethereum/internal/era/eradl
github.com/klauspost/compress/s2
github.com/influxdata/influxdb-client-go/v2/api
github.com/klauspost/compress/snappy
github.com/ethereum/go-ethereum/internal/era/execdb
github.com/influxdata/influxdb-client-go/v2
go.opentelemetry.io/otel/exporters/otlp/otlptrace/otlptracegrpc/internal
go.opentelemetry.io/otel/exporters/otlp/otlptrace/otlptracegrpc/internal/x
github.com/ethereum/go-ethereum/metrics/influxdb
go.opentelemetry.io/otel/semconv/v1.39.0
github.com/dop251/goja
go.opentelemetry.io/otel/semconv/v1.39.0/otelconv
go.opentelemetry.io/otel/exporters/otlp/otlptrace/otlptracegrpc/internal/envconfig
go.opentelemetry.io/otel/exporters/otlp/otlptrace/otlptracegrpc/internal/retry
go.opentelemetry.io/otel/exporters/otlp/otlptrace/otlptracegrpc/internal/observ
go.opentelemetry.io/otel/exporters/otlp/otlptrace/otlptracegrpc/internal/otlpconfig
google.golang.org/genproto/googleapis/rpc/errdetails
github.com/ethereum/go-ethereum/signer/storage
github.com/ethereum/go-ethereum/signer/core
go.opentelemetry.io/otel/exporters/otlp/otlptrace/otlptracegrpc
github.com/naoina/go-stringutil
github.com/naoina/toml/ast
github.com/naoina/toml
github.com/olekukonko/tablewriter
archive/zip
github.com/prysmaticlabs/prysm/v5/api/grpc
github.com/cespare/xxhash
github.com/dgraph-io/ristretto/z/simd
github.com/golang/protobuf/ptypes/empty
github.com/dustin/go-humanize
github.com/grpc-ecosystem/go-grpc-middleware
github.com/dgraph-io/ristretto/z
github.com/grpc-ecosystem/go-grpc-middleware/util/backoffutils
github.com/grpc-ecosystem/go-grpc-middleware/util/metautils
github.com/grpc-ecosystem/go-grpc-middleware/retry
github.com/grpc-ecosystem/go-grpc-middleware/tags
github.com/dgraph-io/ristretto
github.com/grpc-ecosystem/go-grpc-middleware/tracing/opentracing
github.com/grpc-ecosystem/go-grpc-prometheus
github.com/prysmaticlabs/prysm/v5/api/client
github.com/prysmaticlabs/prysm/v5/api/client/beacon/iface
github.com/prysmaticlabs/prysm/v5/api/server
github.com/prysmaticlabs/prysm/v5/proto/eth/v1
github.com/prysmaticlabs/prysm/v5/api/client/event
github.com/crate-crypto/go-kzg-4844/internal/multiexp
github.com/crate-crypto/go-kzg-4844/internal/utils
github.com/crate-crypto/go-kzg-4844/internal/kzg
github.com/crate-crypto/go-kzg-4844
github.com/prysmaticlabs/prysm/v5/beacon-chain/blockchain/kzg
github.com/prysmaticlabs/prysm/v5/beacon-chain/core/feed/state
github.com/prysmaticlabs/prysm/v5/api/server/structs
github.com/prysmaticlabs/prysm/v5/beacon-chain/cache/depositsnapshot
github.com/DataDog/zstd
github.com/prysmaticlabs/prysm/v5/beacon-chain/db/filters
github.com/prysmaticlabs/prysm/v5/beacon-chain/slasher/types
github.com/prysmaticlabs/prysm/v5/monitoring/backup
github.com/prysmaticlabs/prysm/v5/proto/dbval
github.com/prysmaticlabs/prysm/v5/beacon-chain/db/iface
github.com/cockroachdb/pebble/sstable
go.etcd.io/bbolt
github.com/prysmaticlabs/prysm/v5/api/client/beacon
github.com/prysmaticlabs/prysm/v5/api/client/builder
github.com/prysmaticlabs/prombbolt
github.com/prysmaticlabs/prysm/v5/beacon-chain/state/genesis
github.com/prysmaticlabs/prysm/v5/consensus-types/light-client
github.com/prysmaticlabs/prysm/v5/encoding/ssz/detect
github.com/prysmaticlabs/prysm/v5/monitoring/progress
github.com/prysmaticlabs/prysm/v5/beacon-chain/db/kv
github.com/cockroachdb/pebble/rangekey
github.com/cockroachdb/pebble
github.com/prysmaticlabs/prysm/v5/beacon-chain/execution/types
github.com/prysmaticlabs/prysm/v5/consensus-types/forkchoice
github.com/prysmaticlabs/prysm/v5/beacon-chain/forkchoice
github.com/prysmaticlabs/prysm/v5/beacon-chain/sync/backfill/coverage
github.com/prysmaticlabs/prysm/v5/beacon-chain/startup
github.com/prysmaticlabs/prysm/v5/runtime/logging
github.com/prysmaticlabs/prysm/v5/beacon-chain/db
github.com/spf13/afero/internal/common
github.com/spf13/afero/mem
github.com/prysmaticlabs/prysm/v5/beacon-chain/state/stategen
golang.org/x/text/runes
github.com/spf13/afero
github.com/prysmaticlabs/prysm/v5/consensus-types/payload-attribute
github.com/prysmaticlabs/prysm/v5/io/logs
github.com/matttproud/golang_protobuf_extensions/pbutil
github.com/prometheus/prom2json
github.com/prysmaticlabs/prysm/v5/beacon-chain/verification
github.com/prysmaticlabs/prysm/v5/monitoring/clientstats
github.com/prysmaticlabs/prysm/v5/network
github.com/prysmaticlabs/prysm/v5/beacon-chain/forkchoice/doubly-linked-tree
github.com/prysmaticlabs/prysm/v5/beacon-chain/execution
github.com/ethereum/go-ethereum/internal/jsre
github.com/ethereum/go-ethereum/eth/tracers/js
github.com/ethereum/go-ethereum/console
github.com/prysmaticlabs/prysm/v5/beacon-chain/db/filesystem
github.com/prysmaticlabs/prysm/v5/proto/prysm/v1alpha1/attestation/aggregation
github.com/prysmaticlabs/prysm/v5/proto/prysm/v1alpha1/attestation/aggregation/attestations
github.com/prysmaticlabs/prysm/v5/beacon-chain/core/light-client
github.com/prysmaticlabs/prysm/v5/beacon-chain/operations/attestations/kv
github.com/prysmaticlabs/prysm/v5/beacon-chain/das
github.com/prysmaticlabs/prysm/v5/container/doubly-linked-list
github.com/prysmaticlabs/prysm/v5/beacon-chain/operations/blstoexec
github.com/prysmaticlabs/prysm/v5/beacon-chain/operations/voluntaryexits
github.com/trailofbits/go-mutexasserts
github.com/ethereum/go-ethereum/ethdb/pebble
go.uber.org/multierr
github.com/prysmaticlabs/prysm/v5/beacon-chain/operations/attestations
github.com/prysmaticlabs/prysm/v5/beacon-chain/operations/slashings
go.uber.org/zap/internal/pool
go.uber.org/zap/internal/color
go.uber.org/zap/internal/exit
github.com/ethereum/go-ethereum/node
github.com/libp2p/go-libp2p/core/crypto/pb
github.com/libp2p/go-libp2p/core/internal/catch
go.uber.org/zap/buffer
github.com/mr-tron/base58/base58
go.uber.org/zap/internal/bufferpool
go.uber.org/zap/internal/stacktrace
github.com/libp2p/go-libp2p/core/crypto
go.uber.org/zap/zapcore
github.com/multiformats/go-base32
github.com/multiformats/go-base36
github.com/multiformats/go-multihash/core
github.com/multiformats/go-multibase
golang.org/x/crypto/blake2s
lukechampine.com/blake3/guts
github.com/multiformats/go-multihash/register/blake2
github.com/spaolacci/murmur3
lukechampine.com/blake3/bao
github.com/multiformats/go-multihash/register/murmur3
go.uber.org/zap/internal
github.com/multiformats/go-multihash/register/sha3
github.com/ethereum/go-ethereum/ethstats
github.com/ethereum/go-ethereum/graphql
github.com/ethereum/go-ethereum/eth
github.com/ethereum/go-ethereum/internal/telemetry/tracesetup
go.uber.org/zap
lukechampine.com/blake3
github.com/multiformats/go-multihash/register/sha256
github.com/multiformats/go-multihash/register/miniosha256
github.com/multiformats/go-varint
github.com/multiformats/go-multihash/register/blake3
github.com/multiformats/go-multihash/register/all
github.com/libp2p/go-libp2p/core/peer/pb
github.com/multiformats/go-multihash
github.com/ipfs/go-cid
github.com/libp2p/go-libp2p/core/record/pb
github.com/ipfs/go-log/v2
github.com/libp2p/go-libp2p/core/record
github.com/multiformats/go-multiaddr
github.com/multiformats/go-multicodec
github.com/multiformats/go-multistream
github.com/libp2p/go-libp2p/core/protocol
github.com/benbjohnson/clock
github.com/libp2p/go-libp2p/core/pnet
github.com/libp2p/go-libp2p/core/sec/insecure/pb
github.com/libp2p/go-libp2p/core/peer
github.com/libp2p/go-flow-metrics
github.com/libp2p/go-msgio
github.com/multiformats/go-multiaddr/net
github.com/libp2p/go-libp2p/p2p/host/autonat/pb
github.com/libp2p/go-libp2p/core/peerstore
github.com/libp2p/go-libp2p/core/network
github.com/libp2p/go-libp2p/core/metrics
github.com/libp2p/go-libp2p/core/connmgr
github.com/libp2p/go-libp2p/core/event
github.com/libp2p/go-libp2p/core/routing
github.com/libp2p/go-libp2p/core/sec
github.com/libp2p/go-libp2p/core/host
github.com/libp2p/go-libp2p/core/transport
github.com/libp2p/go-libp2p/core/sec/insecure
github.com/libp2p/go-libp2p/p2p/metricshelper
github.com/libp2p/go-msgio/pbio
github.com/libp2p/go-libp2p/p2p/host/basic/internal/backoff
github.com/libp2p/go-libp2p/p2p/host/eventbus
github.com/libp2p/go-libp2p-asn-util
github.com/libp2p/go-libp2p/p2p/protocol/circuitv2/pb
github.com/koron/go-ssdp/internal/ssdplog
github.com/koron/go-ssdp/internal/multicast
github.com/libp2p/go-libp2p/p2p/protocol/circuitv2/proto
github.com/libp2p/go-libp2p/p2p/host/pstoremanager
github.com/libp2p/go-libp2p/p2p/host/autonat
github.com/libp2p/go-libp2p/p2p/protocol/circuitv2/util
github.com/koron/go-ssdp
github.com/libp2p/go-libp2p/p2p/protocol/circuitv2/relay
github.com/ethereum/go-ethereum/cmd/utils
github.com/ethereum/go-ethereum/eth/catalyst
github.com/google/gopacket/routing
github.com/libp2p/go-libp2p/p2p/host/relaysvc
github.com/libp2p/go-netroute
github.com/libp2p/go-libp2p/p2p/protocol/autonatv2/pb
github.com/libp2p/go-nat
github.com/libp2p/go-libp2p/p2p/protocol/autonatv2
github.com/libp2p/go-libp2p/p2p/net/nat
github.com/libp2p/go-libp2p/p2p/protocol/holepunch/pb
github.com/libp2p/go-libp2p/p2p/protocol/identify/pb
github.com/libp2p/go-libp2p/p2p/protocol/ping
github.com/libp2p/go-libp2p/p2p/protocol/identify
github.com/flynn/noise
github.com/libp2p/go-libp2p/core/canonicallog
github.com/jbenet/go-temp-err-catcher
github.com/davidlazar/go-crypto/salsa20
github.com/libp2p/go-libp2p/p2p/security/noise/pb
github.com/libp2p/go-libp2p/p2p/net/pnet
github.com/quic-go/quic-go/quicvarint
github.com/quic-go/quic-go/internal/protocol
github.com/libp2p/go-libp2p/p2p/net/upgrader
github.com/quic-go/quic-go/internal/utils/linkedlist
github.com/quic-go/quic-go/internal/utils
github.com/quic-go/quic-go/internal/qerr
github.com/quic-go/quic-go/internal/qtls
github.com/libp2p/go-libp2p/p2p/protocol/holepunch
github.com/quic-go/quic-go/internal/wire
github.com/libp2p/go-libp2p/p2p/security/noise
github.com/libp2p/go-libp2p/p2p/security/tls
github.com/quic-go/quic-go/internal/flowcontrol
github.com/francoispqt/gojay
github.com/multiformats/go-multiaddr-fmt
github.com/libp2p/go-libp2p/p2p/transport/webrtc/pb
github.com/pion/ice/v2/internal/fakenet
github.com/quic-go/quic-go/logging
github.com/pion/stun/internal/hmac
github.com/pion/transport/v2
github.com/quic-go/quic-go/internal/congestion
github.com/quic-go/quic-go/internal/handshake
github.com/pion/transport/v2/stdnet
github.com/pion/stun
github.com/quic-go/quic-go/internal/ackhandler
golang.org/x/net/dns/dnsmessage
github.com/quic-go/quic-go
github.com/pion/mdns
github.com/pion/ice/v2/internal/stun
github.com/pion/randutil
github.com/pion/transport/v2/vnet
github.com/pion/turn/v2/internal/ipnet
github.com/pion/turn/v2/internal/proto
github.com/pion/turn/v2/internal/allocation
github.com/pion/turn/v2/internal/client
github.com/pion/turn/v2/internal/server
github.com/pmezard/go-difflib/difflib
github.com/stretchr/testify/assert/yaml
net/http/internal/testcert
golang.org/x/net/internal/socks
github.com/pion/turn/v2
net/http/httptest
golang.org/x/net/proxy
github.com/pion/transport/v3/deadline
github.com/pion/dtls/v2/pkg/crypto/fingerprint
github.com/stretchr/testify/assert
github.com/pion/sctp
github.com/pion/rtcp
github.com/pion/rtp/codecs/av1/obu
github.com/pion/rtp
github.com/quic-go/quic-go/metrics
github.com/quic-go/quic-go/qlog
github.com/pion/interceptor
github.com/stretchr/testify/require
github.com/pion/datachannel
github.com/pion/interceptor/internal/rtpbuffer
github.com/pion/interceptor/pkg/nack
github.com/pion/interceptor/internal/ntp
github.com/pion/interceptor/pkg/report
github.com/pion/interceptor/pkg/twcc
github.com/libp2p/go-libp2p/p2p/transport/quicreuse
github.com/pion/rtp/codecs/vp9
github.com/pion/rtp/codecs
github.com/pion/sdp/v3
github.com/pion/ice/v2
github.com/libp2p/go-libp2p/p2p/transport/quic
github.com/pion/srtp/v2
github.com/pion/webrtc/v3/internal/fmtp
github.com/pion/webrtc/v3/internal/util
github.com/pion/webrtc/v3/pkg/media
github.com/pion/webrtc/v3/pkg/rtcerr
github.com/quic-go/qpack
github.com/libp2p/go-libp2p/p2p/protocol/circuitv2/client
github.com/libp2p/go-libp2p/p2p/host/blank
github.com/quic-go/quic-go/http3
github.com/libp2p/go-libp2p/p2p/host/peerstore
github.com/libp2p/go-libp2p/p2p/host/peerstore/pstoremem
github.com/pbnjay/memory
github.com/libp2p/go-libp2p/p2p/host/resource-manager
github.com/libp2p/go-libp2p/p2p/host/routed
github.com/miekg/dns
github.com/libp2p/go-libp2p/p2p/transport/webrtc/udpmux
github.com/pion/webrtc/v3/internal/mux
github.com/quic-go/webtransport-go
github.com/pion/webrtc/v3
github.com/libp2p/go-libp2p/p2p/transport/webtransport
github.com/libp2p/go-reuseport
github.com/libp2p/go-libp2p/p2p/net/reuseport
github.com/libp2p/go-libp2p/p2p/transport/tcpreuse/internal/sampledconn
go.uber.org/dig/internal/digclock
go.uber.org/dig/internal/digerror
github.com/libp2p/go-libp2p/p2p/transport/tcpreuse
go.uber.org/dig/internal/digreflect
go.uber.org/dig/internal/dot
go.uber.org/fx/fxevent
go.uber.org/dig
go.uber.org/fx/internal/fxclock
go.uber.org/fx/internal/fxlog
go.uber.org/fx/internal/fxreflect
go.uber.org/fx/internal/lifecycle
github.com/libp2p/go-yamux/v4
go.uber.org/fx
github.com/libp2p/go-libp2p/p2p/muxer/yamux
github.com/containerd/cgroups/stats/v1
github.com/libp2p/go-libp2p/p2p/transport/webrtc
github.com/godbus/dbus/v5
github.com/multiformats/go-multiaddr-dns
github.com/docker/go-units
github.com/libp2p/go-libp2p/p2p/host/basic
github.com/libp2p/go-libp2p/p2p/net/swarm
github.com/opencontainers/runtime-spec/specs-go
github.com/elastic/gosigar
github.com/mikioh/tcpopt
github.com/libp2p/go-libp2p/p2p/host/autorelay
github.com/libp2p/go-libp2p/p2p/transport/websocket
github.com/coreos/go-systemd/v22/dbus
github.com/libp2p/go-libp2p/config
github.com/mikioh/tcpinfo
github.com/marten-seemann/tcp
github.com/libp2p/go-libp2p/p2p/transport/tcp
github.com/libp2p/go-mplex
github.com/libp2p/go-libp2p-mplex
github.com/libp2p/go-libp2p-pubsub/pb
github.com/containerd/cgroups
github.com/libp2p/go-libp2p-pubsub/timecache
github.com/libp2p/go-libp2p/core/discovery
github.com/hashicorp/golang-lru/v2/internal
github.com/hashicorp/golang-lru/v2/simplelru
github.com/libp2p/go-msgio/protoio
github.com/hashicorp/golang-lru/v2
github.com/libp2p/go-libp2p/p2p/discovery/backoff
github.com/prysmaticlabs/prysm/v5/beacon-chain/p2p/encoder
github.com/prysmaticlabs/prysm/v5/beacon-chain/p2p/peers/peerdata
github.com/prysmaticlabs/prysm/v5/cmd/beacon-chain/flags
github.com/prysmaticlabs/prysm/v5/container/leaky-bucket
github.com/raulk/go-watchdog
github.com/prysmaticlabs/prysm/v5/crypto/ecdsa
github.com/prysmaticlabs/prysm/v5/beacon-chain/p2p/peers/scorers
github.com/prysmaticlabs/prysm/v5/runtime
github.com/prysmaticlabs/prysm/v5/config
github.com/libp2p/go-libp2p/p2p/net/connmgr
github.com/prysmaticlabs/prysm/v5/config/proposer
github.com/prysmaticlabs/prysm/v5/beacon-chain/p2p/peers
github.com/prysmaticlabs/prysm/v5/network/httputil
github.com/libp2p/go-libp2p
github.com/libp2p/go-libp2p-pubsub
github.com/prysmaticlabs/prysm/v5/validator/client/iface
github.com/prysmaticlabs/prysm/v5/beacon-chain/core/feed/operation
github.com/prysmaticlabs/prysm/v5/validator/client/beacon-api
github.com/prysmaticlabs/prysm/v5/container/queue
github.com/prysmaticlabs/prysm/v5/beacon-chain/operations/synccommittee
github.com/libp2p/go-libp2p/core
github.com/prysmaticlabs/prysm/v5/beacon-chain/core/feed/block
github.com/prysmaticlabs/prysm/v5/beacon-chain/sync/verify
github.com/prysmaticlabs/prysm/v5/encoding/ssz/equality
github.com/prysmaticlabs/prysm/v5/validator/db/common
github.com/prysmaticlabs/prysm/v5/validator/db/iface
github.com/prysmaticlabs/prysm/v5/validator/graffiti
go.opencensus.io/resource
go.opencensus.io/metric/metricdata
github.com/prysmaticlabs/prysm/v5/validator/helpers
go.opencensus.io/tag
go.opencensus.io/stats/internal
go.opencensus.io/metric/metricproducer
go.opencensus.io/stats
github.com/prysmaticlabs/prysm/v5/validator/db/filesystem
github.com/prysmaticlabs/prysm/v5/validator/db/kv
go.opencensus.io/stats/view
go.opencensus.io/internal
go.opencensus.io/trace/tracestate
github.com/prysmaticlabs/prysm/v5/runtime/messagehandler
github.com/prysmaticlabs/prysm/v5/beacon-chain/p2p
go.opencensus.io/trace
go.uber.org/automaxprocs/internal/cgroups
go.opencensus.io/trace/propagation
go.uber.org/automaxprocs/internal/runtime
go.opencensus.io/plugin/ocgrpc
go.uber.org/automaxprocs/maxprocs
github.com/prysmaticlabs/prysm/v5/validator/db
github.com/prysmaticlabs/prysm/v5/beacon-chain/blockchain
github.com/prysmaticlabs/prysm/v5/beacon-chain/builder
github.com/prysmaticlabs/prysm/v5/beacon-chain/sync
github.com/prysmaticlabs/prysm/v5/beacon-chain/rpc/core
github.com/prysmaticlabs/prysm/v5/beacon-chain/rpc/lookup
github.com/prysmaticlabs/prysm/v5/beacon-chain/rpc/eth/helpers
github.com/prysmaticlabs/prysm/v5/validator/client/grpc-api
github.com/prysmaticlabs/prysm/v5/validator/client/node-client-factory
github.com/prysmaticlabs/prysm/v5/validator/client/validator-client-factory
github.com/prysmaticlabs/prysm/v5/validator/client/beacon-chain-client-factory
github.com/prysmaticlabs/prysm/v5/validator/client
github.com/prysmaticlabs/prysm/v5/validator/accounts
github.com/ethereum/go-ethereum/cmd/geth
# github.com/ethereum/go-ethereum/cmd/geth
/usr/bin/ld: warning: static_code.o: missing .note.GNU-stack section implies executable stack
/usr/bin/ld: NOTE: This behaviour is deprecated and will be removed in a future version of the linker
Done building.
Run "./build/bin/geth" to launch geth.
Submodule 'genesis' (https://github.com/bnb-chain/bsc-genesis-contract.git) registered for path 'genesis'
Cloning into '/workspaces/reth-bsc/poc-attack/node-deploy/genesis'...
Submodule path 'genesis': checked out '34618f607f8356cf147dde6a69fae150bd53d5bf'
HEAD is now at 34618f6 Merge pull request #645 from bnb-chain/develop
No local changes to save
Submodule path 'genesis': checked out '041881a02475638b19f3d840871b7621cdebd8f8'
HEAD is now at 34618f6 Merge pull request #645 from bnb-chain/develop
Creating virtualenv bsc-genesis-contract-yQbok5cS-py3.12 in /home/codespace/.cache/pypoetry/virtualenvs
Installing dependencies from lock file

Package operations: 44 installs, 0 updates, 0 removals

  - Installing aiohappyeyeballs (2.4.0)
  - Installing aiohttp (3.10.5)
  - Installing aiosignal (1.3.1)
  - Installing attrs (24.2.0)
  - Installing bitarray (2.9.2)
  - Installing certifi (2024.7.4)
  - Installing charset-normalizer (3.3.2)
  - Installing ckzg (1.0.2)
  - Installing click (8.1.7)
  - Installing cytoolz (0.12.3)
  - Installing eth-abi (5.1.0)
  - Installing eth-account (0.11.3)
  - Installing eth-hash (0.7.0)
  - Installing eth-keyfile (0.8.1)
  - Installing eth-keys (0.5.1)
  - Installing eth-rlp (1.0.1)
  - Installing eth-typing (5.0.0)
  - Installing eth-utils (4.1.1)
  - Installing frozenlist (1.4.1)
  - Installing hexbytes (0.3.1)
  - Installing idna (3.8)
  - Installing jinja2 (3.1.4)
  - Installing jsonschema (4.23.0)
  - Installing jsonschema-specifications (2023.12.1)
  - Installing lru-dict (1.2.0)
  - Installing markupsafe (2.1.5)
  - Installing multidict (6.0.5)
  - Installing parsimonious (0.10.0)
  - Installing protobuf (5.27.3)
  - Installing pycryptodome (3.20.0)
  - Installing pyunormalize (16.0.0)
  - Installing referencing (0.35.1)
  - Installing regex (2024.7.24)
  - Installing requests (2.32.3)
  - Installing rlp (4.0.1)
  - Installing rpds-py (0.20.0)
  - Installing setuptools (70.3.0)
  - Installing toolz (0.12.1)
  - Installing typer (0.9.0)
  - Installing typing-extensions (4.8.0)
  - Installing urllib3 (2.2.2)
  - Installing web3 (6.11.4)
  - Installing websockets (13.0)
  - Installing yarl (1.9.4)

added 103 packages, and audited 104 packages in 4s

25 packages are looking for funding
  run `npm fund` for details

4 vulnerabilities (1 low, 2 moderate, 1 high)

To address all issues, run:
  npm audit fix

Run `npm audit` for details.
npm notice
npm notice New minor version of npm available! 11.9.0 -> 11.19.1
npm notice Changelog: https://github.com/npm/cli/releases/tag/v11.19.1
npm notice To update run: npm install -g npm@11.19.1
npm notice
Cloning into 'lib/forge-std'...
Note: switching to '2f112697506eab12d433a65fdc31a639548fe365'.

You are in 'detached HEAD' state. You can look around, make experimental
changes and commit them, and you can discard any commits you make in this
state without impacting any branches by switching back to a branch.

If you want to create a new branch to retain commits you create, you may
do so (now or later) by using -c with the switch command. Example:

  git switch -c <new-branch-name>

Or undo this operation with:

  git switch -

Turn off this advice by setting config variable advice.detachedHead to false

Cloning into 'ds-test'...
Updated 0 paths from 10d91c1
Generate validators successfully
Generate init holders successfully
Warning: Found unknown `func_attrs_with_params_multiline` config key in section `fmt` defined in foundry.toml.
Compiling 135 files with Solc 0.8.17
installing solc version "0.8.17"
Compiling 37 files with Solc 0.6.4
installing solc version "0.6.4"
Successfully installed solc 0.8.17
Successfully installed solc 0.6.4
Solc 0.6.4 finished in 2.09s
Solc 0.8.17 finished in 12.77s
Compiler run successful with warnings:
Warning (9302): Return value of low-level calls not used.
   --> contracts/StakeHub.sol:656:13:
    |
656 |             SYSTEM_REWARD_ADDR.call{ value: msg.value }("");
    |             ^^^^^^^^^^^^^^^^^^^^^^^^^^^^^^^^^^^^^^^^^^^^^^^

Warning (5740): Unreachable code.
   --> node_modules/@openzeppelin/contracts-upgradeable/token/ERC20/ERC20Upgradeable.sol:121:9:
    |
121 |         return true;
    |         ^^^^^^^^^^^

Warning (5740): Unreachable code.
   --> node_modules/@openzeppelin/contracts-upgradeable/token/ERC20/ERC20Upgradeable.sol:144:9:
    |
144 |         return true;
    |         ^^^^^^^^^^^

Warning (5740): Unreachable code.
   --> node_modules/@openzeppelin/contracts-upgradeable/token/ERC20/ERC20Upgradeable.sol:167:9:
    |
167 |         return true;
    |         ^^^^^^^^^^^

Warning (5740): Unreachable code.
   --> node_modules/@openzeppelin/contracts-upgradeable/token/ERC20/ERC20Upgradeable.sol:185:9:
    |
185 |         return true;
    |         ^^^^^^^^^^^

Warning (5740): Unreachable code.
   --> node_modules/@openzeppelin/contracts-upgradeable/token/ERC20/ERC20Upgradeable.sol:210:9:
    |
210 |         return true;
    |         ^^^^^^^^^^^

Warning (5740): Unreachable code.
   --> contracts/StakeHub.sol:257:9:
    |
257 |         _receiveFundStatus = _DISABLE;
    |         ^^^^^^^^^^^^^^^^^^^^^^^^^^^^^

Warning (5667): Unused function parameter. Remove or comment out the variable name to silence this warning.
   --> contracts/StakeHub.sol:287:9:
    |
287 |         bytes calldata msgBytes
    |         ^^^^^^^^^^^^^^^^^^^^^^^

Warning (5667): Unused function parameter. Remove or comment out the variable name to silence this warning.
   --> contracts/StakeHub.sol:292:31:
    |
292 |     function handleAckPackage(uint8 channelId, bytes calldata msgBytes) external onlyCrossChainContract {
    |                               ^^^^^^^^^^^^^^^

Warning (5667): Unused function parameter. Remove or comment out the variable name to silence this warning.
   --> contracts/StakeHub.sol:292:48:
    |
292 |     function handleAckPackage(uint8 channelId, bytes calldata msgBytes) external onlyCrossChainContract {
    |                                                ^^^^^^^^^^^^^^^^^^^^^^^

Warning (5667): Unused function parameter. Remove or comment out the variable name to silence this warning.
   --> contracts/StakeHub.sol:296:35:
    |
296 |     function handleFailAckPackage(uint8 channelId, bytes calldata msgBytes) external onlyCrossChainContract {
    |                                   ^^^^^^^^^^^^^^^

Warning (5667): Unused function parameter. Remove or comment out the variable name to silence this warning.
   --> contracts/StakeHub.sol:296:52:
    |
296 |     function handleFailAckPackage(uint8 channelId, bytes calldata msgBytes) external onlyCrossChainContract {
    |                                                    ^^^^^^^^^^^^^^^^^^^^^^^

Warning (2018): Function state mutability can be restricted to view
   --> contracts/StakeHub.sol:292:5:
    |
292 |     function handleAckPackage(uint8 channelId, bytes calldata msgBytes) external onlyCrossChainContract {
    |     ^ (Relevant source part starts here and spans across multiple lines).

Warning (2018): Function state mutability can be restricted to view
   --> contracts/StakeHub.sol:296:5:
    |
296 |     function handleFailAckPackage(uint8 channelId, bytes calldata msgBytes) external onlyCrossChainContract {
    |     ^ (Relevant source part starts here and spans across multiple lines).

Warning: Unreachable code.
contracts/deprecated/Staking.sol:45:9: Warning: Unreachable code.
        locked = 1;
        ^--------^
Warning: Unused function parameter. Remove or comment out the variable name to silence this warning.
contracts/BSCValidatorSet.sol:170:38: Warning: Unused function parameter. Remove or comment out the variable name to silence this warning.
 ...   function handleSynPackage(uint8, bytes calldata msgBytes) external override onlyInit initVa ...
                                        ^---------------------^
Warning: Unused function parameter. Remove or comment out the variable name to silence this warning.
contracts/BSCValidatorSet.sol:170:121: Warning: Unused function parameter. Remove or comment out the variable name to silence this warning.
 ... nit initValidatorExtraSet returns (bytes memory responsePayload) {
                                        ^--------------------------^
Warning: Unused function parameter. Remove or comment out the variable name to silence this warning.
contracts/BSCValidatorSet.sol:174:31: Warning: Unused function parameter. Remove or comment out the variable name to silence this warning.
    function handleAckPackage(uint8 channelId, bytes calldata msgBytes) external override onlyCrossChainContract {
                              ^-------------^
Warning: Unused function parameter. Remove or comment out the variable name to silence this warning.
contracts/BSCValidatorSet.sol:174:48: Warning: Unused function parameter. Remove or comment out the variable name to silence this warning.
    function handleAckPackage(uint8 channelId, bytes calldata msgBytes) external override onlyCrossChainContract {
                                               ^---------------------^
Warning: Unused function parameter. Remove or comment out the variable name to silence this warning.
contracts/BSCValidatorSet.sol:178:35: Warning: Unused function parameter. Remove or comment out the variable name to silence this warning.
    function handleFailAckPackage(uint8 channelId, bytes calldata msgBytes) external override onlyCrossChainContract {
                                  ^-------------^
Warning: Unused function parameter. Remove or comment out the variable name to silence this warning.
contracts/BSCValidatorSet.sol:178:52: Warning: Unused function parameter. Remove or comment out the variable name to silence this warning.
    function handleFailAckPackage(uint8 channelId, bytes calldata msgBytes) external override onlyCrossChainContract {
                                                   ^---------------------^
Warning: Unused function parameter. Remove or comment out the variable name to silence this warning.
contracts/BSCValidatorSet.sol:543:41: Warning: Unused function parameter. Remove or comment out the variable name to silence this warning.
    function removeTmpMigratedValidator(address validator) external onlyStakeHub {
                                        ^---------------^
Warning: Unused function parameter. Remove or comment out the variable name to silence this warning.
contracts/GovHub.sol:21:38: Warning: Unused function parameter. Remove or comment out the variable name to silence this warning.
    function handleSynPackage(uint8, bytes calldata msgBytes) external override returns (bytes memory responsePayload) {
                                     ^---------------------^
Warning: Unused function parameter. Remove or comment out the variable name to silence this warning.
contracts/GovHub.sol:21:90: Warning: Unused function parameter. Remove or comment out the variable name to silence this warning.
    function handleSynPackage(uint8, bytes calldata msgBytes) external override returns (bytes memory responsePayload) {
                                                                                         ^--------------------------^
Warning: Unused function parameter. Remove or comment out the variable name to silence this warning.
contracts/SlashIndicator.sol:98:38: Warning: Unused function parameter. Remove or comment out the variable name to silence this warning.
    function handleAckPackage(uint8, bytes calldata msgBytes) external override onlyCrossChainContract onlyInit {
                                     ^---------------------^
Warning: Unused function parameter. Remove or comment out the variable name to silence this warning.
contracts/TokenHub.sol:107:9: Warning: Unused function parameter. Remove or comment out the variable name to silence this warning.
        address payable to,
        ^----------------^
Warning: Unused function parameter. Remove or comment out the variable name to silence this warning.
contracts/TokenHub.sol:108:9: Warning: Unused function parameter. Remove or comment out the variable name to silence this warning.
        uint256 amount
        ^------------^
Warning: Unused function parameter. Remove or comment out the variable name to silence this warning.
contracts/TokenHub.sol:113:33: Warning: Unused function parameter. Remove or comment out the variable name to silence this warning.
    function claimMigrationFund(uint256 amount) external onlyStakeHub returns (bool) {
                                ^------------^
Warning: Unused function parameter. Remove or comment out the variable name to silence this warning.
contracts/TokenHub.sol:128:9: Warning: Unused function parameter. Remove or comment out the variable name to silence this warning.
        uint8 channelId,
        ^-------------^
Warning: Unused function parameter. Remove or comment out the variable name to silence this warning.
contracts/TokenHub.sol:129:9: Warning: Unused function parameter. Remove or comment out the variable name to silence this warning.
        bytes calldata msgBytes
        ^---------------------^
Warning: Unused function parameter. Remove or comment out the variable name to silence this warning.
contracts/TokenHub.sol:142:9: Warning: Unused function parameter. Remove or comment out the variable name to silence this warning.
        uint8 channelId,
        ^-------------^
Warning: Unused function parameter. Remove or comment out the variable name to silence this warning.
contracts/TokenHub.sol:143:9: Warning: Unused function parameter. Remove or comment out the variable name to silence this warning.
        bytes calldata msgBytes
        ^---------------------^
Warning: Unused function parameter. Remove or comment out the variable name to silence this warning.
contracts/TokenHub.sol:155:9: Warning: Unused function parameter. Remove or comment out the variable name to silence this warning.
        uint8 channelId,
        ^-------------^
Warning: Unused function parameter. Remove or comment out the variable name to silence this warning.
contracts/TokenHub.sol:156:9: Warning: Unused function parameter. Remove or comment out the variable name to silence this warning.
        bytes calldata msgBytes
        ^---------------------^
Warning: Unused function parameter. Remove or comment out the variable name to silence this warning.
contracts/TokenHub.sol:164:9: Warning: Unused function parameter. Remove or comment out the variable name to silence this warning.
        uint256 largeTransferLimit
        ^------------------------^
Warning: Unused function parameter. Remove or comment out the variable name to silence this warning.
contracts/TokenHub.sol:190:31: Warning: Unused function parameter. Remove or comment out the variable name to silence this warning.
    function cancelTransferIn(address tokenAddress, address attacker) external override onlyCrossChainContract {
                              ^------------------^
Warning: Unused function parameter. Remove or comment out the variable name to silence this warning.
contracts/TokenHub.sol:190:53: Warning: Unused function parameter. Remove or comment out the variable name to silence this warning.
    function cancelTransferIn(address tokenAddress, address attacker) external override onlyCrossChainContract {
                                                    ^--------------^
Warning: Unused function parameter. Remove or comment out the variable name to silence this warning.
contracts/TokenHub.sol:263:9: Warning: Unused function parameter. Remove or comment out the variable name to silence this warning.
        address contractAddr,
        ^------------------^
Warning: Unused function parameter. Remove or comment out the variable name to silence this warning.
contracts/TokenHub.sol:264:9: Warning: Unused function parameter. Remove or comment out the variable name to silence this warning.
        address recipient,
        ^---------------^
Warning: Unused function parameter. Remove or comment out the variable name to silence this warning.
contracts/TokenHub.sol:265:9: Warning: Unused function parameter. Remove or comment out the variable name to silence this warning.
        uint256 amount,
        ^------------^
Warning: Unused function parameter. Remove or comment out the variable name to silence this warning.
contracts/TokenHub.sol:266:9: Warning: Unused function parameter. Remove or comment out the variable name to silence this warning.
        uint64 expireTime
        ^---------------^
Warning: Unused function parameter. Remove or comment out the variable name to silence this warning.
contracts/TokenHub.sol:280:9: Warning: Unused function parameter. Remove or comment out the variable name to silence this warning.
        address[] calldata recipientAddrs,
        ^-------------------------------^
Warning: Unused function parameter. Remove or comment out the variable name to silence this warning.
contracts/TokenHub.sol:281:9: Warning: Unused function parameter. Remove or comment out the variable name to silence this warning.
        uint256[] calldata amounts,
        ^------------------------^
Warning: Unused function parameter. Remove or comment out the variable name to silence this warning.
contracts/TokenHub.sol:282:9: Warning: Unused function parameter. Remove or comment out the variable name to silence this warning.
        address[] calldata refundAddrs,
        ^----------------------------^
Warning: Unused function parameter. Remove or comment out the variable name to silence this warning.
contracts/TokenHub.sol:283:9: Warning: Unused function parameter. Remove or comment out the variable name to silence this warning.
        uint64 expireTime
        ^---------------^
Warning: Unused function parameter. Remove or comment out the variable name to silence this warning.
contracts/TokenHub.sol:288:26: Warning: Unused function parameter. Remove or comment out the variable name to silence this warning.
    function updateParam(string calldata key, bytes calldata value) external override onlyGov {
                         ^-----------------^
Warning: Unused function parameter. Remove or comment out the variable name to silence this warning.
contracts/TokenHub.sol:288:47: Warning: Unused function parameter. Remove or comment out the variable name to silence this warning.
    function updateParam(string calldata key, bytes calldata value) external override onlyGov {
                                              ^------------------^
Warning: Unused function parameter. Remove or comment out the variable name to silence this warning.
contracts/TokenHub.sol:300:24: Warning: Unused function parameter. Remove or comment out the variable name to silence this warning.
    function bindToken(bytes32 bep2Symbol, address contractAddr, uint256 decimals) external override onlyTokenManager {
                       ^----------------^
Warning: Unused function parameter. Remove or comment out the variable name to silence this warning.
contracts/TokenHub.sol:300:44: Warning: Unused function parameter. Remove or comment out the variable name to silence this warning.
    function bindToken(bytes32 bep2Symbol, address contractAddr, uint256 decimals) external override onlyTokenManager {
                                           ^------------------^
Warning: Unused function parameter. Remove or comment out the variable name to silence this warning.
contracts/TokenHub.sol:300:66: Warning: Unused function parameter. Remove or comment out the variable name to silence this warning.
    function bindToken(bytes32 bep2Symbol, address contractAddr, uint256 decimals) external override onlyTokenManager {
                                                                 ^--------------^
Warning: Unused function parameter. Remove or comment out the variable name to silence this warning.
contracts/TokenHub.sol:304:26: Warning: Unused function parameter. Remove or comment out the variable name to silence this warning.
    function unbindToken(bytes32 bep2Symbol, address contractAddr) external override onlyTokenManager {
                         ^----------------^
Warning: Unused function parameter. Remove or comment out the variable name to silence this warning.
contracts/TokenHub.sol:304:46: Warning: Unused function parameter. Remove or comment out the variable name to silence this warning.
    function unbindToken(bytes32 bep2Symbol, address contractAddr) external override onlyTokenManager {
                                             ^------------------^
Warning: Unused function parameter. Remove or comment out the variable name to silence this warning.
contracts/TokenHub.sol:344:33: Warning: Unused function parameter. Remove or comment out the variable name to silence this warning.
    function withdrawStakingBNB(uint256 amount) external override returns (bool) {
                                ^------------^
Warning: Unused function parameter. Remove or comment out the variable name to silence this warning.
contracts/deprecated/CrossChain.sol:143:9: Warning: Unused function parameter. Remove or comment out the variable name to silence this warning.
        bytes calldata payload,
        ^--------------------^
Warning: Unused function parameter. Remove or comment out the variable name to silence this warning.
contracts/deprecated/CrossChain.sol:144:9: Warning: Unused function parameter. Remove or comment out the variable name to silence this warning.
        bytes calldata proof,
        ^------------------^
Warning: Unused function parameter. Remove or comment out the variable name to silence this warning.
contracts/deprecated/CrossChain.sol:163:9: Warning: Unused function parameter. Remove or comment out the variable name to silence this warning.
        bytes calldata msgBytes,
        ^---------------------^
Warning: Unused function parameter. Remove or comment out the variable name to silence this warning.
contracts/deprecated/CrossChain.sol:164:9: Warning: Unused function parameter. Remove or comment out the variable name to silence this warning.
        uint256 relayFee
        ^--------------^
Warning: Unused function parameter. Remove or comment out the variable name to silence this warning.
contracts/deprecated/CrossChain.sol:169:26: Warning: Unused function parameter. Remove or comment out the variable name to silence this warning.
    function updateParam(string calldata key, bytes calldata value) external override onlyGov whenNotSuspended {
                         ^-----------------^
Warning: Unused function parameter. Remove or comment out the variable name to silence this warning.
contracts/deprecated/CrossChain.sol:169:47: Warning: Unused function parameter. Remove or comment out the variable name to silence this warning.
    function updateParam(string calldata key, bytes calldata value) external override onlyGov whenNotSuspended {
                                              ^------------------^
Warning: Unused function parameter. Remove or comment out the variable name to silence this warning.
contracts/deprecated/CrossChain.sol:178:9: Warning: Unused function parameter. Remove or comment out the variable name to silence this warning.
        bytes calldata payload0,
        ^---------------------^
Warning: Unused function parameter. Remove or comment out the variable name to silence this warning.
contracts/deprecated/CrossChain.sol:179:9: Warning: Unused function parameter. Remove or comment out the variable name to silence this warning.
        bytes calldata payload1,
        ^---------------------^
Warning: Unused function parameter. Remove or comment out the variable name to silence this warning.
contracts/deprecated/CrossChain.sol:180:9: Warning: Unused function parameter. Remove or comment out the variable name to silence this warning.
        bytes calldata proof0,
        ^-------------------^
Warning: Unused function parameter. Remove or comment out the variable name to silence this warning.
contracts/deprecated/CrossChain.sol:181:9: Warning: Unused function parameter. Remove or comment out the variable name to silence this warning.
        bytes calldata proof1
        ^-------------------^
Warning: Unused function parameter. Remove or comment out the variable name to silence this warning.
contracts/deprecated/CrossChain.sol:201:29: Warning: Unused function parameter. Remove or comment out the variable name to silence this warning.
    function cancelTransfer(address tokenAddr, address attacker) external onlyInit onlyCabinet {
                            ^---------------^
Warning: Unused function parameter. Remove or comment out the variable name to silence this warning.
contracts/deprecated/CrossChain.sol:201:48: Warning: Unused function parameter. Remove or comment out the variable name to silence this warning.
    function cancelTransfer(address tokenAddr, address attacker) external onlyInit onlyCabinet {
                                               ^--------------^
Warning: Unused function parameter. Remove or comment out the variable name to silence this warning.
contracts/deprecated/RelayerHub.sol:79:26: Warning: Unused function parameter. Remove or comment out the variable name to silence this warning.
    function updateParam(string calldata key, bytes calldata value) external override onlyInit onlyGov {
                         ^-----------------^
Warning: Unused function parameter. Remove or comment out the variable name to silence this warning.
contracts/deprecated/RelayerHub.sol:79:47: Warning: Unused function parameter. Remove or comment out the variable name to silence this warning.
    function updateParam(string calldata key, bytes calldata value) external override onlyInit onlyGov {
                                              ^------------------^
Warning: Unused function parameter. Remove or comment out the variable name to silence this warning.
contracts/deprecated/RelayerHub.sol:89:28: Warning: Unused function parameter. Remove or comment out the variable name to silence this warning.
    function updateRelayer(address relayerToBeAdded) external onlyManager {
                           ^----------------------^
Warning: Unused function parameter. Remove or comment out the variable name to silence this warning.
contracts/deprecated/RelayerHub.sol:95:33: Warning: Unused function parameter. Remove or comment out the variable name to silence this warning.
    function acceptBeingRelayer(address manager) external onlyProvisionalRelayer {
                                ^-------------^
Warning: Unused function parameter. Remove or comment out the variable name to silence this warning.
contracts/deprecated/RelayerIncentivize.sol:59:9: Warning: Unused function parameter. Remove or comment out the variable name to silence this warning.
        address payable headerRelayerAddr,
        ^-------------------------------^
Warning: Unused function parameter. Remove or comment out the variable name to silence this warning.
contracts/deprecated/RelayerIncentivize.sol:60:9: Warning: Unused function parameter. Remove or comment out the variable name to silence this warning.
        address payable packageRelayer,
        ^----------------------------^
Warning: Unused function parameter. Remove or comment out the variable name to silence this warning.
contracts/deprecated/RelayerIncentivize.sol:61:9: Warning: Unused function parameter. Remove or comment out the variable name to silence this warning.
        uint256 amount,
        ^------------^
Warning: Unused function parameter. Remove or comment out the variable name to silence this warning.
contracts/deprecated/RelayerIncentivize.sol:62:9: Warning: Unused function parameter. Remove or comment out the variable name to silence this warning.
        bool fromSystemReward
        ^-------------------^
Warning: Unused function parameter. Remove or comment out the variable name to silence this warning.
contracts/deprecated/RelayerIncentivize.sol:67:26: Warning: Unused function parameter. Remove or comment out the variable name to silence this warning.
    function updateParam(string calldata key, bytes calldata value) external override onlyGov {
                         ^-----------------^
Warning: Unused function parameter. Remove or comment out the variable name to silence this warning.
contracts/deprecated/RelayerIncentivize.sol:67:47: Warning: Unused function parameter. Remove or comment out the variable name to silence this warning.
    function updateParam(string calldata key, bytes calldata value) external override onlyGov {
                                              ^------------------^
Warning: Unused function parameter. Remove or comment out the variable name to silence this warning.
contracts/deprecated/Staking.sol:96:9: Warning: Unused function parameter. Remove or comment out the variable name to silence this warning.
        bytes calldata msgBytes
        ^---------------------^
Warning: Unused function parameter. Remove or comment out the variable name to silence this warning.
contracts/deprecated/Staking.sol:101:38: Warning: Unused function parameter. Remove or comment out the variable name to silence this warning.
    function handleAckPackage(uint8, bytes calldata msgBytes) external override onlyCrossChainContract initParams {
                                     ^---------------------^
Warning: Unused function parameter. Remove or comment out the variable name to silence this warning.
contracts/deprecated/Staking.sol:105:42: Warning: Unused function parameter. Remove or comment out the variable name to silence this warning.
    function handleFailAckPackage(uint8, bytes calldata msgBytes) external override onlyCrossChainContract initParams {
                                         ^---------------------^
Warning: Unused function parameter. Remove or comment out the variable name to silence this warning.
contracts/deprecated/Staking.sol:124:9: Warning: Unused function parameter. Remove or comment out the variable name to silence this warning.
        address validator,
        ^---------------^
Warning: Unused function parameter. Remove or comment out the variable name to silence this warning.
contracts/deprecated/Staking.sol:212:26: Warning: Unused function parameter. Remove or comment out the variable name to silence this warning.
    function updateParam(string calldata key, bytes calldata value) external override onlyInit onlyGov {
                         ^-----------------^
Warning: Unused function parameter. Remove or comment out the variable name to silence this warning.
contracts/deprecated/Staking.sol:212:47: Warning: Unused function parameter. Remove or comment out the variable name to silence this warning.
    function updateParam(string calldata key, bytes calldata value) external override onlyInit onlyGov {
                                              ^------------------^
Warning: Unused function parameter. Remove or comment out the variable name to silence this warning.
contracts/deprecated/TendermintLightClient.sol:45:35: Warning: Unused function parameter. Remove or comment out the variable name to silence this warning.
    function syncTendermintHeader(bytes calldata header, uint64 height) external onlyRelayer returns (bool) {
                                  ^-------------------^
Warning: Unused function parameter. Remove or comment out the variable name to silence this warning.
contracts/deprecated/TendermintLightClient.sol:45:58: Warning: Unused function parameter. Remove or comment out the variable name to silence this warning.
    function syncTendermintHeader(bytes calldata header, uint64 height) external onlyRelayer returns (bool) {
                                                         ^-----------^
Warning: Unused function parameter. Remove or comment out the variable name to silence this warning.
contracts/deprecated/TendermintLightClient.sol:84:26: Warning: Unused function parameter. Remove or comment out the variable name to silence this warning.
    function updateParam(string calldata key, bytes calldata value) external override onlyInit onlyGov {
                         ^-----------------^
Warning: Unused function parameter. Remove or comment out the variable name to silence this warning.
contracts/deprecated/TendermintLightClient.sol:84:47: Warning: Unused function parameter. Remove or comment out the variable name to silence this warning.
    function updateParam(string calldata key, bytes calldata value) external override onlyInit onlyGov {
                                              ^------------------^
Warning: Unused function parameter. Remove or comment out the variable name to silence this warning.
contracts/deprecated/TokenManager.sol:40:9: Warning: Unused function parameter. Remove or comment out the variable name to silence this warning.
        uint8 channelId,
        ^-------------^
Warning: Unused function parameter. Remove or comment out the variable name to silence this warning.
contracts/deprecated/TokenManager.sol:41:9: Warning: Unused function parameter. Remove or comment out the variable name to silence this warning.
        bytes calldata msgBytes
        ^---------------------^
Warning: Unused function parameter. Remove or comment out the variable name to silence this warning.
contracts/deprecated/TokenManager.sol:46:31: Warning: Unused function parameter. Remove or comment out the variable name to silence this warning.
    function handleAckPackage(uint8 channelId, bytes calldata msgBytes) external override onlyCrossChainContract {
                              ^-------------^
Warning: Unused function parameter. Remove or comment out the variable name to silence this warning.
contracts/deprecated/TokenManager.sol:46:48: Warning: Unused function parameter. Remove or comment out the variable name to silence this warning.
    function handleAckPackage(uint8 channelId, bytes calldata msgBytes) external override onlyCrossChainContract {
                                               ^---------------------^
Warning: Unused function parameter. Remove or comment out the variable name to silence this warning.
contracts/deprecated/TokenManager.sol:50:35: Warning: Unused function parameter. Remove or comment out the variable name to silence this warning.
    function handleFailAckPackage(uint8 channelId, bytes calldata msgBytes) external override onlyCrossChainContract {
                                  ^-------------^
Warning: Unused function parameter. Remove or comment out the variable name to silence this warning.
contracts/deprecated/TokenManager.sol:50:52: Warning: Unused function parameter. Remove or comment out the variable name to silence this warning.
    function handleFailAckPackage(uint8 channelId, bytes calldata msgBytes) external override onlyCrossChainContract {
                                                   ^---------------------^
Warning: Unused function parameter. Remove or comment out the variable name to silence this warning.
contracts/deprecated/TokenManager.sol:54:26: Warning: Unused function parameter. Remove or comment out the variable name to silence this warning.
    function approveBind(address contractAddr, string memory bep2Symbol) public payable returns (bool) {
                         ^------------------^
Warning: Unused function parameter. Remove or comment out the variable name to silence this warning.
contracts/deprecated/TokenManager.sol:54:48: Warning: Unused function parameter. Remove or comment out the variable name to silence this warning.
    function approveBind(address contractAddr, string memory bep2Symbol) public payable returns (bool) {
                                               ^----------------------^
Warning: Unused function parameter. Remove or comment out the variable name to silence this warning.
contracts/deprecated/TokenManager.sol:58:25: Warning: Unused function parameter. Remove or comment out the variable name to silence this warning.
    function rejectBind(address contractAddr, string memory bep2Symbol) public payable returns (bool) {
                        ^------------------^
Warning: Unused function parameter. Remove or comment out the variable name to silence this warning.
contracts/deprecated/TokenManager.sol:58:47: Warning: Unused function parameter. Remove or comment out the variable name to silence this warning.
    function rejectBind(address contractAddr, string memory bep2Symbol) public payable returns (bool) {
                                              ^----------------------^
Warning: Unused function parameter. Remove or comment out the variable name to silence this warning.
contracts/deprecated/TokenManager.sol:62:25: Warning: Unused function parameter. Remove or comment out the variable name to silence this warning.
    function expireBind(string memory bep2Symbol) public payable returns (bool) {
                        ^----------------------^
Warning: Unused function parameter. Remove or comment out the variable name to silence this warning.
contracts/deprecated/TokenManager.sol:66:21: Warning: Unused function parameter. Remove or comment out the variable name to silence this warning.
    function mirror(address bep20Addr, uint64 expireTime) public payable returns (bool) {
                    ^---------------^
Warning: Unused function parameter. Remove or comment out the variable name to silence this warning.
contracts/deprecated/TokenManager.sol:66:40: Warning: Unused function parameter. Remove or comment out the variable name to silence this warning.
    function mirror(address bep20Addr, uint64 expireTime) public payable returns (bool) {
                                       ^---------------^
Warning: Unused function parameter. Remove or comment out the variable name to silence this warning.
contracts/deprecated/TokenManager.sol:70:19: Warning: Unused function parameter. Remove or comment out the variable name to silence this warning.
    function sync(address bep20Addr, uint64 expireTime) public payable returns (bool) {
                  ^---------------^
Warning: Unused function parameter. Remove or comment out the variable name to silence this warning.
contracts/deprecated/TokenManager.sol:70:38: Warning: Unused function parameter. Remove or comment out the variable name to silence this warning.
    function sync(address bep20Addr, uint64 expireTime) public payable returns (bool) {
                                     ^---------------^
Warning: Unused function parameter. Remove or comment out the variable name to silence this warning.
contracts/deprecated/TokenManager.sol:74:26: Warning: Unused function parameter. Remove or comment out the variable name to silence this warning.
    function updateParam(string calldata key, bytes calldata value) external override onlyGov {
                         ^-----------------^
Warning: Unused function parameter. Remove or comment out the variable name to silence this warning.
contracts/deprecated/TokenManager.sol:74:47: Warning: Unused function parameter. Remove or comment out the variable name to silence this warning.
    function updateParam(string calldata key, bytes calldata value) external override onlyGov {
                                              ^------------------^
Warning: Function state mutability can be restricted to view
contracts/BSCValidatorSet.sol:543:5: Warning: Function state mutability can be restricted to view
    function removeTmpMigratedValidator(address validator) external onlyStakeHub {
    ^ (Relevant source part starts here and spans across multiple lines).
Warning: Function state mutability can be restricted to view
contracts/TokenHub.sol:113:5: Warning: Function state mutability can be restricted to view
    function claimMigrationFund(uint256 amount) external onlyStakeHub returns (bool) {
    ^ (Relevant source part starts here and spans across multiple lines).
Warning: Function state mutability can be restricted to view
contracts/TokenHub.sol:162:5: Warning: Function state mutability can be restricted to view
    function setLargeTransferLimit(
    ^ (Relevant source part starts here and spans across multiple lines).
Warning: Function state mutability can be restricted to view
contracts/deprecated/CrossChain.sol:174:5: Warning: Function state mutability can be restricted to view
    function challenge(
    ^ (Relevant source part starts here and spans across multiple lines).
Warning: Function state mutability can be restricted to view
contracts/deprecated/CrossChain.sol:193:5: Warning: Function state mutability can be restricted to view
    function suspend() external onlyInit onlyCabinet whenNotSuspended {
    ^ (Relevant source part starts here and spans across multiple lines).
Warning: Function state mutability can be restricted to view
contracts/deprecated/CrossChain.sol:197:5: Warning: Function state mutability can be restricted to view
    function reopen() external onlyInit onlyCabinet whenSuspended {
    ^ (Relevant source part starts here and spans across multiple lines).
Warning: Function state mutability can be restricted to view
contracts/deprecated/CrossChain.sol:201:5: Warning: Function state mutability can be restricted to view
    function cancelTransfer(address tokenAddr, address attacker) external onlyInit onlyCabinet {
    ^ (Relevant source part starts here and spans across multiple lines).
Warning: Function state mutability can be restricted to pure
contracts/deprecated/RelayerHub.sol:74:5: Warning: Function state mutability can be restricted to pure
    function whitelistInit() external {
    ^ (Relevant source part starts here and spans across multiple lines).
Warning: Function state mutability can be restricted to pure
contracts/deprecated/RelayerHub.sol:83:5: Warning: Function state mutability can be restricted to pure
    function removeManagerByHimself() external {
    ^ (Relevant source part starts here and spans across multiple lines).
Warning: Function state mutability can be restricted to view
contracts/deprecated/RelayerHub.sol:89:5: Warning: Function state mutability can be restricted to view
    function updateRelayer(address relayerToBeAdded) external onlyManager {
    ^ (Relevant source part starts here and spans across multiple lines).
Warning: Function state mutability can be restricted to view
contracts/deprecated/RelayerHub.sol:95:5: Warning: Function state mutability can be restricted to view
    function acceptBeingRelayer(address manager) external onlyProvisionalRelayer {
    ^ (Relevant source part starts here and spans across multiple lines).
Warning: Function state mutability can be restricted to view
contracts/deprecated/TendermintLightClient.sol:45:5: Warning: Function state mutability can be restricted to view
    function syncTendermintHeader(bytes calldata header, uint64 height) external onlyRelayer returns (bool) {
    ^ (Relevant source part starts here and spans across multiple lines).
Warning: Contract code size exceeds 24576 bytes (a limit introduced in Spurious Dragon). This contract may not be deployable on mainnet. Consider enabling the optimizer (with a low "runs" value!), turning off revert strings, or using libraries.
contracts/BSCValidatorSet.sol:16:1: Warning: Contract code size exceeds 24576 bytes (a limit introduced in Spurious Dragon). This contract may not be deployable on mainnet. Consider enabling the optimizer (with a low "runs" value!), turning off revert strings, or using libraries.
contract BSCValidatorSet is IBSCValidatorSet, System, IParamSubscriber, IApplication {
^ (Relevant source part starts here and spans across multiple lines).
Warning: AST source not found for /workspaces/reth-bsc/poc-attack/node-deploy/genesis/contracts/extension/BSCValidatorSetTool.sol
Warning: AST source not found for /workspaces/reth-bsc/poc-attack/node-deploy/genesis/contracts/lib/0.6.x/SizeOf.sol
Warning: AST source not found for /workspaces/reth-bsc/poc-attack/node-deploy/genesis/contracts/lib/0.6.x/SafeMath.sol
Warning: AST source not found for /workspaces/reth-bsc/poc-attack/node-deploy/genesis/contracts/lib/0.6.x/CmnPkg.sol
Warning: AST source not found for /workspaces/reth-bsc/poc-attack/node-deploy/genesis/contracts/lib/0.6.x/BytesLib.sol
Warning: AST source not found for /workspaces/reth-bsc/poc-attack/node-deploy/genesis/contracts/lib/0.6.x/RLPEncode.sol
Warning: AST source not found for /workspaces/reth-bsc/poc-attack/node-deploy/genesis/contracts/lib/0.6.x/BytesToTypes.sol
Warning: AST source not found for /workspaces/reth-bsc/poc-attack/node-deploy/genesis/contracts/GovHub.sol
warning[unsafe-typecast]: typecasts that can truncate values should be checked
   ╭▸ test/TendermintLightClient.t.sol:13:41
   │
13 │         assertEq(lightClient.chainID(), bytes32("Binance-Chain-Tigris"));
   │                                         ━━━━━━━━━━━━━━━━━━━━━━━━━━━━━━━
   │
   ├ note: consider disabling this lint if you're certain the cast is safe
   │       
   │       // casting to 'bytes32' is safe because [explain why]
   │       // forge-lint: disable-next-line(unsafe-typecast)
   │       
   │       
   ╰ help: https://book.getfoundry.sh/reference/forge/forge-lint#unsafe-typecast

warning[unsafe-typecast]: typecasts that can truncate values should be checked
    ╭▸ test/Governor.t.sol:308:47
    │
308 │         uint64 INIT_MIN_PERIOD_AFTER_QUORUM = uint64(1 days / BLOCK_INTERVAL);
    │                                               ━━━━━━━━━━━━━━━━━━━━━━━━━━━━━━━
    │
    ├ note: consider disabling this lint if you're certain the cast is safe
    │       
    │       // casting to 'uint64' is safe because [explain why]
    │       // forge-lint: disable-next-line(unsafe-typecast)
    │       
    │       
    ╰ help: https://book.getfoundry.sh/reference/forge/forge-lint#unsafe-typecast

warning[block-timestamp]: usage of `block.timestamp` in a comparison may be manipulated by validators
    ╭▸ contracts/StakeHub.sol:404:13
    │
404 │         if (valInfo.updateTime + BREATHE_BLOCK_INTERVAL > block.timestamp) revert UpdateTooFrequently();
    │             ━━━━━━━━━━━━━━━━━━━━━━━━━━━━━━━━━━━━━━━━━━━━━━━━━━━━━━━━━━━━━
    │
    ╰ help: https://book.getfoundry.sh/reference/forge/forge-lint#block-timestamp

warning[block-timestamp]: usage of `block.timestamp` in a comparison may be manipulated by validators
    ╭▸ contracts/StakeHub.sol:422:13
    │
422 │         if (valInfo.updateTime + BREATHE_BLOCK_INTERVAL > block.timestamp) revert UpdateTooFrequently();
    │             ━━━━━━━━━━━━━━━━━━━━━━━━━━━━━━━━━━━━━━━━━━━━━━━━━━━━━━━━━━━━━
    │
    ╰ help: https://book.getfoundry.sh/reference/forge/forge-lint#block-timestamp

warning[block-timestamp]: usage of `block.timestamp` in a comparison may be manipulated by validators
    ╭▸ contracts/StakeHub.sol:445:13
    │
445 │         if (valInfo.updateTime + BREATHE_BLOCK_INTERVAL > block.timestamp) revert UpdateTooFrequently();
    │             ━━━━━━━━━━━━━━━━━━━━━━━━━━━━━━━━━━━━━━━━━━━━━━━━━━━━━━━━━━━━━
    │
    ╰ help: https://book.getfoundry.sh/reference/forge/forge-lint#block-timestamp

warning[block-timestamp]: usage of `block.timestamp` in a comparison may be manipulated by validators
    ╭▸ contracts/StakeHub.sol:470:13
    │
470 │         if (valInfo.updateTime + BREATHE_BLOCK_INTERVAL > block.timestamp) revert UpdateTooFrequently();
    │             ━━━━━━━━━━━━━━━━━━━━━━━━━━━━━━━━━━━━━━━━━━━━━━━━━━━━━━━━━━━━━
    │
    ╰ help: https://book.getfoundry.sh/reference/forge/forge-lint#block-timestamp

warning[block-timestamp]: usage of `block.timestamp` in a comparison may be manipulated by validators
    ╭▸ contracts/StakeHub.sol:492:13
    │
492 │         if (valInfo.jailUntil > block.timestamp) revert JailTimeNotExpired();
    │             ━━━━━━━━━━━━━━━━━━━━━━━━━━━━━━━━━━━
    │
    ╰ help: https://book.getfoundry.sh/reference/forge/forge-lint#block-timestamp

warning[unchecked-call]: Low-level calls should check the success return value
    ╭▸ contracts/StakeHub.sol:656:13
    │
656 │             SYSTEM_REWARD_ADDR.call{ value: msg.value }("");
    │             ━━━━━━━━━━━━━━━━━━━━━━━━━━━━━━━━━━━━━━━━━━━━━━━
    │
    ╰ help: https://book.getfoundry.sh/reference/forge/forge-lint#unchecked-call

warning[block-timestamp]: usage of `block.timestamp` in a comparison may be manipulated by validators
    ╭▸ contracts/StakeHub.sol:703:49
    │
703 │         if (voteExpiration[voteAddress] != 0 && voteExpiration[voteAddress] + BREATHE_BLOCK_INTERVAL < block.timestamp)
    │                                                 ━━━━━━━━━━━━━━━━━━━━━━━━━━━━━━━━━━━━━━━━━━━━━━━━━━━━━━━━━━━━━━━━━━━━━━
    │
    ╰ help: https://book.getfoundry.sh/reference/forge/forge-lint#block-timestamp

warning[block-timestamp]: usage of `block.timestamp` in a comparison may be manipulated by validators
    ╭▸ contracts/StakeHub.sol:737:20
    │
737 │                 && consensusExpiration[consensusAddress] + BREATHE_BLOCK_INTERVAL < block.timestamp
    │                    ━━━━━━━━━━━━━━━━━━━━━━━━━━━━━━━━━━━━━━━━━━━━━━━━━━━━━━━━━━━━━━━━━━━━━━━━━━━━━━━━
    │
    ╰ help: https://book.getfoundry.sh/reference/forge/forge-lint#block-timestamp

warning[block-timestamp]: usage of `block.timestamp` in a comparison may be manipulated by validators
     ╭▸ contracts/StakeHub.sol:1242:13
     │
1242 │         if (jailUntil > block.timestamp) {
     │             ━━━━━━━━━━━━━━━━━━━━━━━━━━━
     │
     ╰ help: https://book.getfoundry.sh/reference/forge/forge-lint#block-timestamp

Warning: AST source not found for /workspaces/reth-bsc/poc-attack/node-deploy/genesis/contracts/interface/0.6.x/IStakeHub.sol
warning[unsafe-typecast]: typecasts that can truncate values should be checked
    ╭▸ test/utils/Deployer.sol:185:53
    │
185 │             moniker: string.concat("T", vm.toString(uint24(uint160(operatorAddress)))),
    │                                                     ━━━━━━━━━━━━━━━━━━━━━━━━━━━━━━━━
    │
    ├ note: consider disabling this lint if you're certain the cast is safe
    │       
    │       // casting to 'uint24' is safe because [explain why]
    │       // forge-lint: disable-next-line(unsafe-typecast)
    │       
    │       
    ╰ help: https://book.getfoundry.sh/reference/forge/forge-lint#unsafe-typecast

Warning: AST source not found for /workspaces/reth-bsc/poc-attack/node-deploy/genesis/contracts/interface/0.6.x/ITokenHub.sol
Warning: AST source not found for /workspaces/reth-bsc/poc-attack/node-deploy/genesis/contracts/interface/0.6.x/ICrossChain.sol
Warning: AST source not found for /workspaces/reth-bsc/poc-attack/node-deploy/genesis/contracts/interface/0.6.x/IBSCValidatorSet.sol
Warning: AST source not found for /workspaces/reth-bsc/poc-attack/node-deploy/genesis/contracts/interface/0.6.x/ISystemReward.sol
Warning: AST source not found for /workspaces/reth-bsc/poc-attack/node-deploy/genesis/contracts/interface/0.6.x/IRelayerIncentivize.sol
Warning: AST source not found for /workspaces/reth-bsc/poc-attack/node-deploy/genesis/contracts/interface/0.6.x/IRelayerHub.sol
Warning: AST source not found for /workspaces/reth-bsc/poc-attack/node-deploy/genesis/contracts/interface/0.6.x/ILightClient.sol
Warning: AST source not found for /workspaces/reth-bsc/poc-attack/node-deploy/genesis/contracts/interface/0.6.x/IApplication.sol
warning[unsafe-typecast]: typecasts that can truncate values should be checked
   ╭▸ test/utils/RLPEncode.sol:54:27
   │
54 │         return encodeUint(uint256(self));
   │                           ━━━━━━━━━━━━━
   │
   ├ note: consider disabling this lint if you're certain the cast is safe
   │       
   │       // casting to 'uint256' is safe because [explain why]
   │       // forge-lint: disable-next-line(unsafe-typecast)
   │       
   │       
   ╰ help: https://book.getfoundry.sh/reference/forge/forge-lint#unsafe-typecast

Warning: AST source not found for /workspaces/reth-bsc/poc-attack/node-deploy/genesis/contracts/interface/0.6.x/IStaking.sol
Warning: AST source not found for /workspaces/reth-bsc/poc-attack/node-deploy/genesis/contracts/interface/0.6.x/IBEP20.sol
warning[unsafe-typecast]: typecasts that can truncate values should be checked
    ╭▸ test/utils/RLPEncode.sol:170:28
    │
170 │             rs[0] = bytes1(uint8(length + offset));
    │                            ━━━━━━━━━━━━━━━━━━━━━━
    │
    ├ note: consider disabling this lint if you're certain the cast is safe
    │       
    │       // casting to 'uint8' is safe because [explain why]
    │       // forge-lint: disable-next-line(unsafe-typecast)
    │       
    │       
    ╰ help: https://book.getfoundry.sh/reference/forge/forge-lint#unsafe-typecast

Warning: AST source not found for /workspaces/reth-bsc/poc-attack/node-deploy/genesis/contracts/SlashIndicator.sol
Warning: AST source not found for /workspaces/reth-bsc/poc-attack/node-deploy/genesis/contracts/deprecated/CrossChain.sol
Warning: AST source not found for /workspaces/reth-bsc/poc-attack/node-deploy/genesis/contracts/deprecated/RelayerIncentivize.sol
Warning: AST source not found for /workspaces/reth-bsc/poc-attack/node-deploy/genesis/contracts/deprecated/RelayerHub.sol
Warning: AST source not found for /workspaces/reth-bsc/poc-attack/node-deploy/genesis/contracts/deprecated/TendermintLightClient.sol
Warning: AST source not found for /workspaces/reth-bsc/poc-attack/node-deploy/genesis/contracts/deprecated/TokenManager.sol
Warning: AST source not found for /workspaces/reth-bsc/poc-attack/node-deploy/genesis/contracts/deprecated/Staking.sol
Warning: AST source not found for /workspaces/reth-bsc/poc-attack/node-deploy/genesis/contracts/lib/0.6.x/TypesToBytes.sol
Warning: AST source not found for /workspaces/reth-bsc/poc-attack/node-deploy/genesis/contracts/lib/0.6.x/MerkleProof.sol
Warning: AST source not found for /workspaces/reth-bsc/poc-attack/node-deploy/genesis/contracts/SystemReward.sol
Warning: AST source not found for /workspaces/reth-bsc/poc-attack/node-deploy/genesis/contracts/lib/0.6.x/RLPDecode.sol
warning[unsafe-typecast]: typecasts that can truncate values should be checked
    ╭▸ test/utils/RLPEncode.sol:174:24
    │
174 │         rs[0] = bytes1(uint8(bl.length + offset + 55));
    │                        ━━━━━━━━━━━━━━━━━━━━━━━━━━━━━━
    │
    ├ note: consider disabling this lint if you're certain the cast is safe
    │       
    │       // casting to 'uint8' is safe because [explain why]
    │       // forge-lint: disable-next-line(unsafe-typecast)
    │       
    │       
    ╰ help: https://book.getfoundry.sh/reference/forge/forge-lint#unsafe-typecast

Warning: AST source not found for /workspaces/reth-bsc/poc-attack/node-deploy/genesis/contracts/lib/0.6.x/Memory.sol
Warning: AST source not found for /workspaces/reth-bsc/poc-attack/node-deploy/genesis/contracts/BSCValidatorSet.sol
Warning: AST source not found for /workspaces/reth-bsc/poc-attack/node-deploy/genesis/contracts/interface/0.6.x/ISlashIndicator.sol
Warning: AST source not found for /workspaces/reth-bsc/poc-attack/node-deploy/genesis/contracts/interface/0.6.x/IParamSubscriber.sol
Warning: AST source not found for /workspaces/reth-bsc/poc-attack/node-deploy/genesis/contracts/interface/0.6.x/IBSCValidatorSetV2.sol
Warning: AST source not found for /workspaces/reth-bsc/poc-attack/node-deploy/genesis/contracts/TokenHub.sol
warning[unsafe-typecast]: typecasts that can truncate values should be checked
   ╭▸ contracts/BSCGovernor.sol:46:60
   │
46 │     uint64 private constant INIT_MIN_PERIOD_AFTER_QUORUM = uint64(1 minutes / BLOCK_INTERVAL);
   │                                                            ━━━━━━━━━━━━━━━━━━━━━━━━━━━━━━━━━━
   │
   ├ note: consider disabling this lint if you're certain the cast is safe
   │       
   │       // casting to 'uint64' is safe because [explain why]
   │       // forge-lint: disable-next-line(unsafe-typecast)
   │       
   │       
   ╰ help: https://book.getfoundry.sh/reference/forge/forge-lint#unsafe-typecast

Warning: AST source not found for /workspaces/reth-bsc/poc-attack/node-deploy/genesis/contracts/System.sol
warning[block-timestamp]: usage of `block.timestamp` in a comparison may be manipulated by validators
    ╭▸ contracts/StakeCredit.sol:163:17
    │
163 │             if (block.timestamp < request.unlockTime) {
    │                 ━━━━━━━━━━━━━━━━━━━━━━━━━━━━━━━━━━━━
    │
    ╰ help: https://book.getfoundry.sh/reference/forge/forge-lint#block-timestamp

warning[block-timestamp]: usage of `block.timestamp` in a comparison may be manipulated by validators
    ╭▸ contracts/StakeCredit.sol:273:17
    │
273 │             if (block.timestamp >= request.unlockTime) {
    │                 ━━━━━━━━━━━━━━━━━━━━━━━━━━━━━━━━━━━━━
    │
    ╰ help: https://book.getfoundry.sh/reference/forge/forge-lint#block-timestamp

warning[unsafe-typecast]: typecasts that can truncate values should be checked
   ╭▸ test/StakeHub.t.sol:68:53
   │
68 │             moniker: string.concat("T", vm.toString(uint24(uint160(operatorAddress)))),
   │                                                     ━━━━━━━━━━━━━━━━━━━━━━━━━━━━━━━━
   │
   ├ note: consider disabling this lint if you're certain the cast is safe
   │       
   │       // casting to 'uint24' is safe because [explain why]
   │       // forge-lint: disable-next-line(unsafe-typecast)
   │       
   │       
   ╰ help: https://book.getfoundry.sh/reference/forge/forge-lint#unsafe-typecast

warning[unsafe-typecast]: typecasts that can truncate values should be checked
    ╭▸ test/StakeHub.t.sol:472:35
    │
472 │             votingPower = (2000 + uint64(i) * 2 + 1) * 1e8;
    │                                   ━━━━━━━━━
    │
    ├ note: consider disabling this lint if you're certain the cast is safe
    │       
    │       // casting to 'uint64' is safe because [explain why]
    │       // forge-lint: disable-next-line(unsafe-typecast)
    │       
    │       
    ╰ help: https://book.getfoundry.sh/reference/forge/forge-lint#unsafe-typecast

Generate genesis of dev environment successfully
[surgery v9] mode='-plato' ft=1787818507 (wall+7200) block8group=1M
send createValidator. Tx hash: 0x9201d487f31ef5acb7746a5c6fd8c15a88ed3745993940f455b1acd6a524880c
send createValidator. Tx hash: 0x09c8b52ecf50500cb6b4704375aaefae1d8e50e113b6a523da45c7096b062bc2
send createValidator. Tx hash: 0x839b271ae645e2931b91491208b1c54f0179ae6dfa6f5c62c3cedbd8d0b235b3
